arrival_rate,service_rate,rho,ls,lq,ws,wq
8.747363879306935,14.105718383264565,0.6201289180482337,1.6324720346229824,1.0123431165747487,0.18662445705326314,0.11573122263377913
9.195311026172241,13.719762014910112,0.6702237995221149,2.0323595170023805,1.3621357174802657,0.22102129131007725,0.14813372963712418
8.553705713626826,15.06150835132933,0.5679182664910102,1.3143769394713238,0.7464586729803137,0.15366169745323394,0.08726728484370669
11.808213572161218,13.90216027389808,0.8493797610959544,5.639214007866908,4.789834246770954,0.47756707425768397,0.4056358074402855
8.119709531394335,15.81340581803718,0.5134700029093533,1.0553717262651892,0.5419017233558359,0.12997653699121406,0.06673905282702634
9.923020312115764,16.621952199146527,0.5969828449287246,1.4812839538385043,0.8843011089097798,0.14927752914401404,0.08911612403232409
8.367783712191063,13.007152926206391,0.6433216984273263,1.8036468593429384,1.1603251609156122,0.21554654390925485,0.13866576871784211
9.432563442899163,15.831888143847841,0.5957952303095692,1.4739935670869795,0.8781983367774103,0.15626648853304054,0.09310282852521054
8.41553913628657,15.257849228810365,0.5515547447143518,1.229926592406526,0.6783718476921741,0.14614947093564842,0.08060943413204914
9.944635387501286,14.719930834200945,0.675589817609433,2.0825173014947804,1.4069274838853474,0.20941112673795464,0.14147602491828065
11.990325933807295,15.630994339681536,0.7670865764034039,3.293440818301615,2.526354241898211,0.27467483673780724,0.21069938013736847
10.319248513443315,14.978402806774197,0.6889418482440789,2.214832964045491,1.5258911158014121,0.21463122640763382,0.1478684338121686
8.517505254973775,16.768940317341507,0.5079334229704094,1.0322453234613103,0.5243119004909008,0.12119104039983225,0.06155697998363197
11.970902552970372,16.646368245434275,0.7191299853800677,2.5603658203001127,1.841235834920045,0.21388243776696705,0.15380927434441224
8.565529176451008,16.912237425118093,0.5064693074690085,1.0262164342234998,0.5197471267544913,0.11980770984294241,0.06067892783360296
10.63647087918775,13.631587846948632,0.7802811380897695,3.551270616031888,2.7709894779421185,0.3338767770220304,0.2605177515564941
9.597707200624601,13.202543233609305,0.7269589677382775,2.6624531914362732,1.9354942236979957,0.2774051276812243,0.20166214526444787
11.54604924710535,13.801030208173694,0.8366077802124636,5.120242452794441,4.283634672581978,0.4434627241935687,0.37100436529455355
10.391417835929476,15.708468784501482,0.6615169166699435,1.9543573940588788,1.2928404773889353,0.18807418053208025,0.12441425201080804
8.407062534312647,15.4759045443264,0.5432356157427158,1.1893125525231945,0.6460769367804786,0.14146588629133247,0.07684930784606103
8.988119751015857,15.153452673560231,0.5931400549195196,1.45784824014119,0.8647081852216705,0.16219724264092286,0.09620568140783163
10.900784336313576,16.397455892000533,0.6647850988659468,1.9831609412855362,1.3183758424195893,0.18192827966324127,0.12094320938243946
10.272025735776396,14.13419094289351,0.7267501746140651,2.659654671645669,1.932904497031604,0.25892211916704694,0.18817169531609515
8.546078325464403,13.311908803969734,0.6419874453253379,1.7931981349333777,1.1512106896080398,0.20982701850394442,0.13470631156957968
8.027764432812766,16.222831917624266,0.49484359288044594,0.9795849085674027,0.4847413156869567,0.12202462052367123,0.06038310163980648
10.421717182587468,14.628011657619489,0.712449335324324,2.4776480211857086,1.7651986858613846,0.23773894241971424,0.16937695150763313
9.314433369981868,14.570850618173267,0.6392511744211135,1.772011796283244,1.1327606218621304,0.19024364938762706,0.12161347629719911
8.86045571781631,14.941497458725305,0.5930098868799872,1.4570621441733185,0.8640522572933312,0.16444550828728893,0.09751781226736721
11.419631788721833,15.490780289937788,0.7371889327059648,2.805014797497822,2.0678258647918573,0.24563093183688187,0.18107640448040252
10.374477904050634,14.559612895514723,0.7125517675848804,2.4788872820614376,1.7663355144765571,0.23894091876118173,0.17025777401163533
10.36867908462666,16.240318160662007,0.6384529528332836,1.7658917638425091,1.1274388110092255,0.17031019567967395,0.10873504732930218
8.70187848694667,14.919556389998936,0.5832531651396702,1.3995383200334177,0.8162851548937475,0.16083174709148232,0.09380562554605
10.70343555516435,15.344302906235471,0.6975511120035822,2.3063437813394905,1.6087926693359083,0.21547696246245832,0.15030619477684193
11.71897393626948,15.643439977505876,0.7491302394563157,2.9861320783852254,2.2370018389289097,0.25481173476658536,0.1908871758819713
9.6646047802627,16.798343464220917,0.5753308235926661,1.3547741525766415,0.7794433289839754,0.14017895023947544,0.08064927089163276
10.652657953845365,13.851398649237261,0.7690673139663021,3.3302661791846964,2.5611988652183943,0.3126230273809314,0.24042815195186665
8.662906819002664,15.534633789470147,0.5576511771313624,1.2606593446208074,0.7030081674894451,0.14552382600439231,0.08115153287200894
10.699905252685125,16.278762507240405,0.6572923001933386,1.9179385247665874,1.2606462245732488,0.1792481783224467,0.11781844743502673
9.589566025869523,14.529204676655501,0.6600200244461667,1.9413497026434647,1.281329678197298,0.2024439580901092,0.13361706616761262
8.59088150070609,13.045993569823043,0.6585072616146181,1.9283199541170877,1.2698126925024695,0.22446124462997166,0.14780935953989155
8.984412529794902,15.641482863962615,0.5743964691796997,1.349604567595148,0.7752080984154484,0.1502162287316472,0.0862836713969483
10.462756777255088,16.493665394689337,0.6343500081324498,1.7348557971860452,1.1005057890535954,0.16581249417528618,0.10518315702855457
11.43720594833792,16.812655356961535,0.680273621596732,2.1276743726747154,1.4474007510779834,0.18603095741088002,0.12655195312700676
11.534588118071376,14.70960308389007,0.784153593559845,3.6329240152407056,2.8487704216808605,0.3149591453160742,0.24697634562413703
11.17026768236487,14.57735872536281,0.7662751457800088,3.278535131992252,2.5122599862122432,0.29350551170481437,0.22490597876884272
8.703538348641597,14.365549914874688,0.6058618291827166,1.5371813085913597,0.9313194794086431,0.176615675948768,0.1070046964926625
11.026623076276282,15.74929678297373,0.7001343125489233,2.334826363430297,1.6346920508813736,0.2117444613168707,0.14824956286012936
11.73194510619108,13.357061736603983,0.8783327753918067,7.219140390687088,6.340807615295281,0.6153404508240894,0.5404736859831679
11.154045618048713,15.079432205417456,0.7396860482612533,2.841515190870785,2.1018291426095317,0.25475197862494303,0.18843648435581936
10.18377093697623,16.942287322729793,0.6010859539203819,1.5068056886630983,0.9057197347427164,0.14796146712138242,0.08893755960811536
8.700386131119975,14.793641652172447,0.5881165933096888,1.4278715378109044,0.8397549445012156,0.16411588132894725,0.09651927303519763
8.86073240434894,13.246126155541768,0.6689300932440452,2.0205101085709396,1.3515800153268944,0.22802969510502902,0.15253592520901824
11.368092845596497,13.20927872879442,0.8606141999877412,6.17433196144838,5.313717761460639,0.5431282137918189,0.46742385320321705
9.336536711461449,13.2638969332388,0.7039060057881222,2.3773059215933436,1.6733999158052213,0.2546239569405842,0.17923133250801346
10.03448647625274,15.170798578802637,0.6614342959027485,1.9536364371766208,1.2922021412738722,0.1946922188594332,0.128776110699033
9.044804815408252,15.797346083448383,0.5725521722211883,1.339466795740655,0.7669146235194667,0.14809239370857513,0.08479062170728012
8.220979274463899,13.62732471390788,0.603271694705687,1.520616720952516,0.9173450262468291,0.1849678329290859,0.11158585803716801
8.589761612535309,15.952398000884003,0.5384620927875111,1.1666692689222748,0.6282071761347637,0.13582091349540104,0.07313441332504517
8.508249996372284,15.860380976688308,0.5364467605713737,1.1572495129849503,0.6208027524135765,0.1360149870394469,0.07296479918646867
9.902437345423152,15.549647306706817,0.6368271350535436,1.7535096823586553,1.1166825473051119,0.1770785940058603,0.11276845370006162
8.645865700089944,13.245150885798372,0.6527570561208296,1.87982813654514,1.2270710804243103,0.21742509099182328,0.14192576232262605
9.994359391868581,15.733930277617926,0.6352106063470938,1.7413077720990182,1.1060971657519243,0.17422905299120497,0.11067214239382324
8.355539262335341,15.718191421412934,0.5315840123280703,1.1348545445045364,0.6032705321764661,0.13582062256833305,0.07220007150177095
11.47375436050358,13.933723873423846,0.8234521126393046,4.664185592642943,3.840733480003639,0.4065091029574938,0.33474077963745685
8.423938392760254,15.342199457531569,0.5490698003293718,1.2176381194482593,0.6685683191188875,0.14454499340768306,0.0793652906689669
9.616055146552817,16.386677265563396,0.5868215374425515,1.4202616801715786,0.8334401427290271,0.14769691505780486,0.08667173076974298
11.172108428387821,14.200537642198125,0.7867384115928777,3.689076956938782,2.9023385453459043,0.3302041848757039,0.2597843159104322
11.991946781946378,16.84118413117636,0.7120607843570166,2.472955213019343,1.7608944286623263,0.2062179942911625,0.14683974676349595
11.83627036096734,14.991941100481853,0.7895088622371197,3.7507938368716824,2.961284974634563,0.3168898413507633,0.2501873380993425
9.875312098266571,14.798336436271,0.6673258268451037,2.005944196138094,1.3386183692929905,0.2031271696709414,0.13555200645536664
8.237131829999871,15.990078518932485,0.515140173967688,1.0624517567957013,0.5473115828280133,0.12898321633341128,0.06644443650090542
11.657480109183592,14.585224984281568,0.7992663892224361,3.9817267577980044,3.182460368575568,0.34155981571534133,0.2729972806102815
8.054461225741138,16.540148590602087,0.48696426042493873,0.9491819435976973,0.4622176831727585,0.11784549170889547,0.05738654271443552
9.567411335897514,14.139355267890256,0.676651173595207,2.0926353162269495,1.4159841426317425,0.21872534197157945,0.14800075934008222
8.384107851431548,13.610686897488202,0.6159944692415782,1.6041291593508344,0.9881346901092563,0.1913297380921617,0.1178580604662113
11.504884996839197,15.473040797842502,0.7435438933531017,2.8993027425814053,2.1557588492283037,0.25200623416730783,0.18737769650201352
8.81075364970998,16.6142025701228,0.5303145674625573,1.129084554736071,0.5987699872735137,0.12814846489020115,0.06795899772923775
9.984914753508136,14.305337593370513,0.6979852581833105,2.31109665039781,1.6131113922144995,0.231458826384654,0.16155484869289877
11.989723864891674,16.669188276049773,0.7192746081174489,2.562200032187956,1.8429254240705073,0.21369966990570932,0.15370874632625728
8.426780571069255,13.884103194164947,0.6069373335262134,1.5441235845956132,0.9371862510693998,0.18324003711416006,0.11121521952131268
10.947174353390723,16.647924193198833,0.657569930421894,1.920304286454922,1.262734356033028,0.1754155204315474,0.11534797156509295
9.551846061174826,13.105525083773575,0.7288411566966754,2.687875297806078,1.9590341411094028,0.2813985150714922,0.20509481921743325
8.189372613310974,15.21484290881773,0.5382489101195281,1.1656689543685936,0.6274200442490655,0.1423392254095167,0.07661393294393021
10.910978670042631,14.056804390363446,0.7762061964469381,3.468398964240752,2.692192767793814,0.3178815639850573,0.2467416397014453
9.05818567910877,16.163907944585244,0.5603957724928257,1.2747733925822633,0.7143776200894376,0.1407316473454856,0.07886542022836132
10.124038106944187,16.725999630402683,0.6052874764233418,1.533489413861446,0.9282019374381043,0.15147013451180208,0.09168297547215282
10.118489173902123,15.69547426754268,0.6446755925576945,1.814329607127738,1.1696540145700434,0.1793083508758704,0.11559571735144474
11.883869770119238,14.87135790018729,0.7991112748331861,3.9778801631083103,3.1787688882751244,0.33472936341916826,0.26748600832599245
11.94070648223065,14.549633095879583,0.8206878072830734,4.576865604329888,3.7561777970468144,0.383299397832186,0.31456914233981914
8.485735464982337,14.087921394167532,0.6023411990711045,1.5147186423740382,0.9123774433029337,0.1785017513950031,0.10751895897155837
8.854770819195252,13.102832533691,0.6757905816492115,2.084426125209042,1.4086355435598303,0.2354014765340342,0.15908210074801815
11.031553980444066,14.125971624893635,0.7809412529898898,3.5649854828844023,2.7840442298945125,0.32316258336805026,0.2523709927748949
10.719580093108242,14.82792306080926,0.722932001275383,2.609222301395834,1.886290300120451,0.24340713710169834,0.17596680874964232
9.949964665625814,14.849896248725937,0.6700359718997688,2.0306333867891686,1.3605974148893998,0.20408448220971143,0.13674394438704507
9.129954590728092,14.336535898788444,0.6368312858268397,1.753541153115948,1.1167098672891083,0.19206460839320638,0.12231275152487404
11.851958410457968,15.37180915844575,0.771019096600359,3.36717641145252,2.5961573148521606,0.2841029553800476,0.2190488039986164
11.642534247023042,15.04116419664522,0.7740447544359493,3.425655166817244,2.6516104123812947,0.2942362113036664,0.22775199592471054
9.543953864847325,14.84388126110693,0.6429554169133537,1.8007706806668553,1.1578152637535015,0.18868183000124575,0.12131400467242548
8.239312633144639,14.937821769032954,0.5515739015058576,1.2300218550126663,0.6784479535068086,0.1492869502323051,0.08234278558354331
10.038104056014141,14.657038474460043,0.6848657778653978,2.173251045939636,1.4883852680742384,0.21650015120510469,0.14827354446306026
11.349922824749292,16.22855390635214,0.6993798024300079,2.32645646594379,1.6270766635137823,0.2049755317164616,0.14335574687484473
10.040999870300439,14.214642000842959,0.7063842951306819,2.4058123711232615,1.6994280759925795,0.23959888479226488,0.1692488893480815
11.191867528062767,16.587071687942462,0.6747343798000465,2.0744103830747953,1.3996760032747488,0.18534979777712407,0.12506188084921185
10.810951620608858,15.683183009295366,0.6893340219393759,2.218891254982731,1.5295572330433553,0.2052447677920296,0.14148220126409305
11.817690155757347,16.15665061729137,0.7314443095717916,2.7236224576195487,1.9921781480477572,0.2304699498567115,0.16857593334998777
11.811483093590958,16.058633060227663,0.7355223230577701,2.7810374454341225,2.0455151223763526,0.23545201084384942,0.17318020998449143
10.144326898035203,16.795658204985617,0.6039850760373275,1.5251573602167021,0.9211722841793746,0.15034584113334332,0.09080664428881834
10.65422558064855,15.860249327624828,0.6717565002015065,2.0465188209786125,1.374762320777106,0.19208517836300926,0.12903446715771721
9.034942986490103,14.892134291042153,0.6066922853311066,1.5425384824751056,0.935846197143999,0.17073029511991988,0.10358075292155847
11.292091714633763,13.38738925182764,0.8434872178749991,5.389254515975172,4.545767298100173,0.4772591874179586,0.4025620242004566
8.472974050094054,13.62684437019643,0.6217854860532114,1.6440021816314827,1.0222166955782712,0.1940289409493982,0.1206443793566114
9.222074059236835,14.071217643835881,0.6553856455540441,1.9017943887094375,1.2464087431553934,0.20622198178994225,0.13515492666283563
8.744851255378254,14.01184742334337,0.6241040878599321,1.6603109204001554,1.0362068325402234,0.18986153931195018,0.11849336281196732
8.718734711569995,13.576263900210492,0.6422042747294281,1.7948908535555617,1.1526865788261336,0.20586597860050648,0.13220801147860223
10.80393965523593,16.939989833647456,0.6377772219069665,1.760731959664777,1.1229547377578104,0.16297128786826118,0.10393937522722012
10.69695768634822,14.210570161596019,0.7527465516659342,3.0444329765176548,2.2916864248517204,0.28460736835512135,0.2142372151080339
8.598236693331419,13.60402467923134,0.6320362463365686,1.7176589814731555,1.085622735136587,0.19976874826036478,0.1262610897858359
11.571295117748221,14.185886118065085,0.8156906816707559,4.425661648933196,3.60997096726244,0.38246899797284156,0.3119763976743981
11.247634457975003,13.578182027897306,0.8283608538216654,4.826176733371715,3.9978158795500494,0.42908371101532117,0.3554361492176201
9.41989361879564,15.307855535367327,0.6153633732061217,1.5998564108037656,0.984493037597644,0.1698380550297883,0.10451211844189745
11.591522059685708,16.75670663422744,0.6917541920802464,2.244164151813323,1.5524099597330765,0.19360392364850237,0.13392632578703545
10.072585488634772,16.888860815556054,0.5964040795076645,1.4777257381098592,0.8813216586021947,0.14670768888258387,0.08749706414471427
10.498659734470497,13.207198477116737,0.7949195094372852,3.8761342303020974,3.0812147208648124,0.3692027676233276,0.2934864829220236
9.193080463887988,16.04157623523726,0.5730783764063206,1.3423503161595425,0.7692719397532218,0.14601746622718326,0.08367945247243895
10.125438032333411,16.98900518754117,0.595999466746815,1.4752442575943467,0.8792447908475317,0.14569683335016925,0.08683523498340046
10.043164887080884,14.023890051164997,0.7161468644177351,2.5229485767303954,1.8068017123126603,0.25121051034179603,0.17990361929005627
8.788630206820677,13.699739774494637,0.6415180398669198,1.7895406497687285,1.1480226099018087,0.20361997349483454,0.1306258862741604
10.200941491770603,16.328241866406653,0.6247421844453311,1.6648345711918064,1.0400923867464753,0.1632040113684484,0.10196043057256511
9.294038743761039,14.101382063945856,0.6590870810829146,1.9333003958210613,1.2742133147381467,0.2080150996916017,0.13710006487690926
11.412188751223672,14.029549270005067,0.8134394435338513,4.3601898436738935,3.5467504001400423,0.38206429447693563,0.31078616709347207
9.676070964312052,14.696044611043927,0.658413281968441,1.927514294942845,1.269101012974404,0.19920423300449483,0.13115871283449546
10.05152764582884,16.138954402286092,0.6228115772112867,1.6511948394560405,1.0283832622447537,0.1642730237270202,0.10231114100069257
11.005889014767162,16.077695998102005,0.6845439182371916,2.1700133800301895,1.4854694617929978,0.1971683865899949,0.13497041990882044
8.173393891986603,15.476150380947326,0.5281283582026226,1.1192203799129805,0.5910920217103579,0.13693459469881805,0.07231904267942832
8.550534281428897,15.434175337398628,0.5540000741542733,1.2421528391596737,0.6881527650054003,0.14527195591245498,0.08048067434803638
9.697890495007492,15.444588670930246,0.6279151035767517,1.6875586986000513,1.0596435950232994,0.1740129669920291,0.10926537019249781
9.833323966576177,15.35276236564571,0.6404921624124028,1.7815805260611082,1.1410883636487053,0.18117785319763333,0.11604299497578903
9.55291054778768,15.167174750577653,0.6298411342180819,1.7015427494560065,1.0717016152379246,0.1781177308155638,0.11218587360122571
9.405557405597207,16.07899464378033,0.584959297143336,1.4094022420383048,0.8244429448949687,0.14984781669607114,0.08765487353299722
8.249934677141752,13.245622069193303,0.6228423726756834,1.651411313339564,1.0285689406638805,0.20017265323508077,0.12467601028572452
10.735604686491607,13.250508608154774,0.8102032158889797,4.268793170989962,3.4585899551009827,0.3976295044061466,0.3221607032022012
10.801081542436515,16.67795288509452,0.6476263374079739,1.8378965460815038,1.19027020867353,0.17015856596032233,0.1101991688514767
8.40398859198958,16.778207498318306,0.5008871533405412,1.0035549208820367,0.5026677675414954,0.11941412222270198,0.05981299974878866
8.925507980692688,14.954271633440877,0.5968534074727776,1.4804872930495503,0.8836338855767727,0.1658714883513726,0.09900096302509787
11.69820915146216,14.616348567158774,0.8003509972214722,4.008790357492082,3.208439360270609,0.34268410707899016,0.2742675668326195
11.772499253497328,14.203411682981296,0.8288501042044203,4.842831486116669,4.013981381912249,0.41136817100905565,0.3409625514072376
8.643683868706105,15.602463981068134,0.5539947971803851,1.24212631080998,0.6881315136295949,0.14370334797955966,0.07961090711807847
8.570137118994234,16.645253650062518,0.5148697219739902,1.061301974531439,0.5464322525574488,0.12383722218157348,0.06376003615465799
9.26605438653772,13.961532285027742,0.6636846298364096,1.9733996383025267,1.309715008466117,0.21297086720855,0.14134549116924564
8.120109445606227,13.713529395130019,0.5921239683556488,1.4517253342112373,0.8596013658555884,0.17878149844356625,0.10586081032697371
8.56486482549019,15.423296589450102,0.5553199846619535,1.248808054123589,0.6934880694616355,0.1458059268380942,0.08096894505535239
8.939979703183463,13.60354065333716,0.6571803570117127,1.9169857108630322,1.2598053538513194,0.21442841868873677,0.14091814474732103
10.716610433879364,13.206687407406836,0.8114533268856702,4.30372657062809,3.4922732437424195,0.4015940112017453,0.32587479644701733
11.225951146087493,13.82684362593126,0.8118954296289299,4.316191935301307,3.5042965056723774,0.38448340627293764,0.3121603203211611
10.28012284378394,13.30686065996555,0.7725430592891287,3.3964365161805987,2.6238934568914702,0.33038870914215923,0.25523950411526986
8.811521544029407,15.411163934255097,0.5717622355858298,1.3351513647284268,0.7633891291425969,0.15152336155077678,0.0866353359437521
10.794394580833375,13.647157783887092,0.7909628328308834,3.783838269253686,2.9928754364228025,0.35053733128973286,0.27726200056990497
9.636180565123311,15.131209321862706,0.6368414024383521,1.7536178592887235,1.1167764568503715,0.18198266911224936,0.11589409821691947
10.20949005494473,13.712521415592983,0.7445377655589414,2.9144729246886953,2.169935159129754,0.28546704184085453,0.21254099347291064
8.156663011753704,15.147893723654185,0.5384684604049388,1.1666991618327547,0.6282307014278159,0.1430363324010748,0.0770205536899758
10.46561876228899,15.898581706419456,0.6582737350755778,1.926318819014877,1.2680450839392992,0.18406162719743116,0.12116293481934157
10.695507207555686,15.386449389290163,0.6951251024164393,2.2800339021874314,1.584908799770992,0.21317679077217905,0.1481845385183188
9.76081610212141,15.448954252346551,0.6318107972025895,1.7159949080588113,1.0841841108562218,0.17580445017152388,0.11107514981463341
8.231616326449132,14.568708913862148,0.5650203031111931,1.29895787585605,0.7339375727448569,0.15780107142291713,0.08916080920664766
10.955351500097642,16.940420155888656,0.6466989247778163,1.8304470892739877,1.1837481644961714,0.16708246095596965,0.10805204784945704
10.336681439483655,13.50325773074748,0.7654953823436697,3.2643083534735053,2.4988129711298357,0.3157984864469777,0.2417422831262814
10.091012444550064,13.740112305361592,0.7344199392469597,2.7653429145416455,2.030922975294686,0.2740401847423295,0.20126057582968726
10.630438314552777,16.875982447238094,0.6299152270268297,1.7020836117256195,1.0721683846987897,0.16011415158634748,0.10085834214672229
10.481284916062723,16.721955748230638,0.6267977905139329,1.6795125392668218,1.052714748752889,0.16023918371810922,0.10043756630826704
11.34687097374985,14.404249943542418,0.7877446599596652,3.7113066734150038,2.9235620134553386,0.3270775425225896,0.25765358751490025
8.253870329632637,16.973045103515467,0.4862928413430711,0.9466343482821388,0.46034150693906767,0.11468975286461419,0.05577280579346787
11.543894699245197,16.80718493834287,0.6868428437953146,2.193284841769291,1.5064419979739765,0.1899952224887065,0.1304968589216667
11.580947641767173,16.345611041203703,0.7085050300398157,2.430590929704864,1.722085899665048,0.2098784145210048,0.1486999123849134
11.035813620796212,16.631600086431654,0.6635449123021795,1.9721648938122978,1.3086199815101183,0.17870588989432482,0.1185793840378127
11.386152326184707,15.49974393752992,0.734602608409235,2.767934545272286,2.0333319368630507,0.24309656730192108,0.17857937243532235
8.480023875231758,14.463790111426825,0.5862933442688917,1.4171716508471097,0.830878306578218,0.1671188279299955,0.09798065651737452
9.655869437103561,14.75635452752529,0.6543533105749322,1.893127666471657,1.2387743558967248,0.1960597829955261,0.1282923680737253
8.145326496102456,13.318086858030846,0.611598841705316,1.5746576153135197,0.9630587736082037,0.19332038022871084,0.11823452062591082
11.493753662114624,16.11400175157376,0.7132774241502176,2.4876918813812297,1.774414457231012,0.21643859391045478,0.15438076275114415
11.76196980230063,15.236897520207982,0.7719399429379427,3.3848099175380386,2.612869974600096,0.28777577008197835,0.2221456115360049
11.147474011602238,16.47846728785163,0.676487310189368,2.0910688560172077,1.4145815458278397,0.18758230374350576,0.12689704809856922
10.64475456325146,14.737617108588925,0.7222846464811338,2.600809200244906,1.8785245537637723,0.24432777522401455,0.17647420075319928
10.835209343138455,15.896970487671581,0.6815895740349632,2.1406006790424805,1.4590111050075172,0.19755969739505266,0.13465462999397015
8.402104450133404,16.751836938849088,0.5015631707020818,1.0062722921349276,0.5047091214328459,0.11976431596478791,0.06006937005226499
9.540574783647443,16.372670133453713,0.5827134307282913,1.3964346653794837,0.8137212346511924,0.1463679806559427,0.08529058815679655
11.080377492992124,16.07966725552425,0.689092461735202,2.2163903312897686,1.5272978695545665,0.20002841353478643,0.13783807189967295
8.142309635575518,14.096590251602091,0.5776084492950441,1.3674715991147002,0.7898631498196561,0.1679464009990384,0.0970072602457382
10.730393262528795,16.78254344598973,0.6393782502075318,1.772988596986963,1.1336103467794312,0.16523053289932535,0.10564480900602866
8.94141960531891,14.074572051340205,0.6352889148389768,1.7418963686241973,1.1066074537852204,0.19481205955126069,0.12376194190986652
11.882910652901153,16.71208021709556,0.7110371957612777,2.4606530159980897,1.7496158202368122,0.20707494046480385,0.14723798498052768
8.980895740691135,15.463392863625883,0.5807842961693518,1.3854068224600025,0.8046225262906507,0.15426154166147651,0.08959268089985978
8.892886610752004,15.643123095254698,0.56848536936014,1.3174185276572816,0.7489331582971416,0.14814295799796298,0.0842171041955757
10.070792738365752,14.097195513419376,0.7143827102900844,2.501188604568162,1.7868058942780778,0.24836064742347633,0.1774245524357831
11.751609386218167,13.77550742716926,0.8530799644476701,5.80642361840309,4.95334365395542,0.49409603634482946,0.4215034291187818
8.453606216163873,14.0060180903773,0.6035695628561155,1.5225106508082018,0.9189410879520863,0.18010191294421277,0.10870403286528867
11.427905972435054,16.969372652612314,0.6734430439109845,2.0622529434877883,1.388809899576804,0.18045764013653012,0.12152794247053791
9.270709466328128,14.295538493178162,0.6485036902074109,1.8449800812704975,1.1964763910630865,0.1990117464010274,0.1290598519356877
8.72148804628529,13.66586057049819,0.6381953043713329,1.7639221162191194,1.1257268118477866,0.20225013287387583,0.1290750851085857
9.929138122259355,14.085903804647279,0.7048989017647198,2.3886691916094236,1.6837702898447038,0.2405716550819707,0.1695786954630021
9.991895740675284,16.64475565899083,0.6003029389787444,1.5018948036418531,0.9015918646631087,0.1503112965368422,0.09023231307277194
10.44842017063222,15.16978345679629,0.6887652813495615,2.21300915378642,1.5242438724368585,0.2118032312680735,0.14588271217510088
10.245986468173301,16.166116820430048,0.6337939148890017,1.7307028491809378,1.096908934291936,0.16891519958150938,0.1070574256270219
8.929380560917785,16.545309236533466,0.5396925758994546,1.1724611588744853,0.6327685829750307,0.1313037506774128,0.07086365942835267
8.721558745927808,14.734832136741815,0.5919007875346133,1.4503845375217819,0.8584837499871686,0.16629877522741934,0.09843237602315115
9.559430992367574,15.825210424830392,0.6040634364879245,1.5256571182254588,0.9215936817375343,0.15959706382561595,0.09640675082788418
11.163813679464697,14.115983676664229,0.7908633174406473,3.781561932427619,2.9906986149869716,0.33873388082278927,0.26789220071705594
9.06910762620604,16.319783802234454,0.5557124859070943,1.2507947405222115,0.6950822546151172,0.1379181714535973,0.07664284991023941
10.302533389624863,14.254972960883652,0.7227325802648326,2.6066264148710734,1.8838938346062408,0.25300829575530126,0.18285733841963675
10.293243449830962,15.321993646664836,0.6717953085740581,2.046879054821939,1.3750837462478809,0.19885656691191478,0.13359090873056761
8.117406662327582,16.555294362930688,0.4903208897634246,0.9620188073547581,0.4716979175913335,0.11851307287824227,0.05810943534225733
8.783301672074543,15.068663398292678,0.5828852526541748,1.3974218278379669,0.8145365751837921,0.15909983284314397,0.09273694626401295
9.664959033556034,13.537490657320742,0.71394021818434,2.4957727844608737,1.7818325662765337,0.25822900808950483,0.18436007437694674
11.190459702567054,14.248516733576597,0.7853771667472419,3.6593364967012385,2.8739593299539967,0.3270050198082389,0.2568222759691204
10.236380483310509,13.759928686319505,0.743926855775626,2.9051342265075224,2.1612073707318964,0.28380483035425275,0.21113003509937417
9.87815057691365,13.501239427024519,0.7316476854074022,2.7264444747501497,1.9947967893427476,0.2760075839623418,0.20194030996093662
11.185996456399593,15.690745593546893,0.7129040739147564,2.4831563569560484,1.770252283041292,0.22198794417956533,0.15825610976557364
8.785121838676925,16.277773739819445,0.5397004516155888,1.172498329641782,0.6327978780261931,0.1334640943145263,0.07203063197601538
9.71182181250531,14.622757478151318,0.6641580308649916,1.9775909263978861,1.3134328955328947,0.20362718391841428,0.13524062950183752
10.660043386996762,13.121347929312796,0.8124198401280455,4.331054204680374,3.5186343645523284,0.4062886094782167,0.3300769271581387
9.012455873931263,14.630042105157735,0.6160239190804498,1.6043288884171873,0.9883049693367375,0.1780123987134013,0.1096598955003411
11.117544123444848,14.555519240707952,0.7638026469266728,3.233747698643985,2.4699450517173123,0.29086888819488543,0.22216642671187192
8.231658311201214,15.717222990681279,0.5237349063560244,1.0996709885850549,0.5759360822290305,0.13359045614037207,0.06996598503673634
8.179202652172291,14.056347256391533,0.5818867806110256,1.3916966831648805,0.8098099025538549,0.17015065433001145,0.09900841646694984
11.992187135463553,13.923771495503008,0.861274342180687,6.20847185531084,5.347197513130153,0.5177097209358095,0.4458900993395363
11.971072029481824,16.063034050581127,0.7452559704340996,2.9255090755377546,2.180253105103655,0.24438154480508853,0.18212680532990067
11.037127751807422,16.296728871145547,0.6772603164153634,2.098472393890651,1.4212120774752874,0.1901284864213888,0.1287664788733239
10.949366478372657,13.169580046528566,0.8314134877261218,4.93167262619114,4.1002591384650175,0.4504071204422876,0.3744745549036017
9.088827884338436,15.537354554710413,0.5849662407029904,1.4094425515982483,0.8244763108952579,0.155074182230577,0.0907131614095111
10.070432963833142,16.52116192027222,0.6095475011037971,1.5611310026878273,0.9515835015840303,0.15502123973164397,0.09449280929643625
10.15346435008772,16.66406873201638,0.6093028367423887,1.5595271582267336,0.9502243214843449,0.15359557136902344,0.093586217346214
9.419940854378577,15.596809717308131,0.6039658766834256,1.5250349430133288,0.9210690663299032,0.1618943225428493,0.09777864644466125
8.896793676894779,14.270145937855713,0.6234549888724996,1.655725000858912,1.0322700119864123,0.18610356281037244,0.11602719468107328
11.06044436950274,14.714868195718061,0.7516509303645181,3.026590481968647,2.274939551604129,0.2736409479454502,0.20568247310902632
8.700586181315717,15.70491190249385,0.554004138026022,1.2421732694424548,0.6881691314164328,0.1427689173529468,0.07909457099502767
10.480364514307862,16.197403367114127,0.6470397925377551,1.8331805649988662,1.186140772461111,0.17491572573608447,0.11317743489186698
11.658705074949088,14.529833499718894,0.802397706427582,4.060670004994231,3.2582722985666486,0.3482951132985893,0.27947120007072285
10.318027927039616,14.400704351362759,0.7164946710445594,2.5272705584915944,1.810775887447035,0.24493736364761937,0.17549631579322267
8.217629311128388,14.367564843151978,0.5719570018189382,1.3362138949811786,0.7642568931622404,0.16260333052157339,0.09300211341089296
10.02249355908574,13.46162330562896,0.744523400450141,2.9142528190917116,2.1697294186415705,0.2907712339161186,0.21648598782831197
9.30394663141374,13.129799537894755,0.7086129993501443,2.431862086399822,1.7232490870496777,0.26137962552245414,0.18521700041048375
8.563784910761553,15.391867026587908,0.5563837639688852,1.2542006328412674,0.6978168688723821,0.14645400905214173,0.0814846328047638
9.504496484202576,14.2974420805633,0.6647690146703579,1.9830178108884287,1.3182487962180707,0.20863996469296428,0.13869738374980012
11.400344353228892,16.65964370898711,0.6843090135882636,2.1676545832568093,1.4833455696685456,0.19013939545105668,0.13011410214538136
9.559562437219746,13.698814530348397,0.6978386645093604,2.3094902707397456,1.6116516062303852,0.24158953779598158,0.16859052041498143
10.179720062493573,13.513375517784716,0.7533069771572781,3.0536209272426236,2.3003139500853456,0.2999710118251154,0.2259702561527878
9.956649514578874,13.483569993887784,0.7384282885832393,2.8230433810432416,2.084615092460002,0.28353346945773705,0.2093691346077449
9.275233658259632,15.138116314935031,0.612707252692254,1.5820261467622883,0.9693188940700342,0.17056455988615316,0.10450614289450832
9.883396813064579,14.149605828894446,0.6984927306513385,2.316669618481421,1.6181768878300824,0.23440014220810013,0.16372679539599794
11.044942357599465,13.831091610259268,0.79855897631441,3.9642321196739156,3.1656731433595056,0.3589183167575635,0.2866174436104111
9.160473941127293,14.757944958862675,0.6207147381740369,1.6365379851191129,1.015823246945076,0.17865210857395,0.110891996797719
8.084152895856285,13.922920236900879,0.5806363003093485,1.3845649986817212,0.8039286983723727,0.17126902676363423,0.09944501405761938
11.582052031169471,14.29700558714608,0.8101033437087326,4.266022159264244,3.4559188155555116,0.3683304260577987,0.2983857097390848
11.47255444887255,15.338369337578042,0.7479644150154549,2.9676936892118633,2.2197292741964083,0.2586776730881856,0.19348169442896382
11.368763841973028,14.219941382142006,0.7994944238131948,3.987392465675514,3.187898041862319,0.3507322802285872,0.2804085022940423
8.255764703148953,15.301550823422378,0.5395377761652561,1.1717308135984936,0.6321930374332375,0.14192880438459765,0.07657595149145946
8.474053773257928,16.45918021724804,0.5148527242187754,1.061229754180762,0.5463770299619867,0.12523283219298742,0.06447646481619233
8.604939142790258,14.969024201887063,0.5748497047459834,1.35210938617019,0.7772596814242066,0.1571317778932893,0.0903271561281688
11.958455300541935,13.849858462445477,0.8634351992092795,6.322531093004378,5.459095893795099,0.5287080090283778,0.456505105098959
11.231479250140282,14.440611910265968,0.7777703133310935,3.4998488500317717,2.7220785367006783,0.31161067674928555,0.24236153369260593
10.059706544108561,14.459274276141217,0.6957269329006199,2.2865215759414728,1.5907946430408528,0.2272950573573707,0.15813529311871402
10.41624381006341,16.55568888258547,0.6291640223452136,1.6966099846194171,1.0674459622742036,0.16288117055980172,0.10247897243370165
10.465553649614506,15.112859886766945,0.692493262561,2.2519612686482016,1.5594680060872017,0.21517841712379465,0.1490096041067683
8.950834311364975,15.759229244206464,0.5679741167960707,1.3146761314019921,0.7467020146059214,0.1468774960712582,0.08342261610829121
8.35351985524979,16.787553960591893,0.49760196600763523,0.9904536489790434,0.4928516829714082,0.11856722269674028,0.05899928311796307
9.032355826546418,14.640581742607594,0.6169396807682923,1.6105549173186857,0.9936152365503934,0.17830950731427198,0.11000621052041845
11.060456577252253,16.58776107395228,0.6667841746660109,2.00105794494508,1.334273770279069,0.180920012747087,0.12063460138013057
9.026746138347917,14.067764355981119,0.641661738846945,1.7906592971183606,1.1489975582714156,0.19837262172591558,0.12728812139627824
9.825329463331848,16.2867207112309,0.6032724228245995,1.520621347070818,0.9173489242462186,0.1547654307925022,0.0933657164036857
11.424424234011216,14.008348303774058,0.8155439875044587,4.42134672907001,3.605802741565552,0.3870082761726747,0.3156222727470899
9.049709076249314,13.125264571375524,0.6894877453354761,2.220484811719897,1.5309970663844208,0.24536532533929645,0.16917638495169707
10.652215311392773,16.386633577505844,0.6500551355474998,1.8575930141581922,1.2075378786106925,0.1743856052338199,0.11336025824780362
11.121727825592965,14.19104238412217,0.7837146507318343,3.6235216734913016,2.839807022759467,0.3258056419213002,0.25533865486481283
9.803234047955824,16.704985910030857,0.586844795964136,1.4203979285062927,0.8335531325421567,0.14489074947695194,0.08502838231389259
10.60979615583522,16.48200425951506,0.643720022685359,1.806781362054684,1.163061339369325,0.170293692311985,0.10962145947824452
9.212490957833403,14.102069189260293,0.6532722846693558,1.8841074877628017,1.230835203093446,0.2045166173173544,0.13360503784775646
11.721750975635326,16.137440832147824,0.7263698809221419,2.6545684494456636,1.9281985685235217,0.22646518041233038,0.1644974861291158
10.60306408590663,16.997032751379543,0.6238185359174556,1.6582915307612631,1.0344729948438074,0.15639738827622757,0.09756358977579012
8.829163903183673,16.276817040099054,0.5424379890387919,1.1854961208411587,0.6430581318023668,0.13427048516039955,0.07283341195767008
9.158624203080054,16.99405980797247,0.5389309150708911,1.1688723722471086,0.6299414571762175,0.12762532301019794,0.06878123211610404
8.813816200591535,14.148837190142231,0.6229357283672959,1.65206776465444,1.0291320362871441,0.18744068710481643,0.11676350094730525
8.508789733136531,15.98781551908119,0.5322046481573066,1.1376869095874904,0.6054822614301838,0.13370725394199082,0.07115962204027686
11.647051929292614,13.075298231789855,0.8907675926637941,8.154792285425927,7.264024692762133,0.7001593480420938,0.6236792569365075
10.797062505667354,14.943259575059383,0.7225373052936777,2.6040881137496346,1.881550808455957,0.24118486971643951,0.1742650658425229
11.372918832167139,14.586493583510194,0.7796883306502153,3.5390242058050885,2.759335875154873,0.31117994052637743,0.2426233683608445
9.892323374742501,13.426344675466401,0.7367845540877911,2.79916914273159,2.0623845886437993,0.28296377268443806,0.20848333708030278
8.844634980758958,13.417055238490569,0.6592083600718623,1.9343442820688583,1.275135921996996,0.2187025565528621,0.14417055364873596
10.667244189951514,16.86216022889696,0.6326143296676118,1.7219352325180806,1.089320902850469,0.16142268817096492,0.10211830567041891
8.6220626887212,14.7770185153649,0.5834778294252067,1.400832586222283,0.8173547567970764,0.1624707029855811,0.09479805312321431
11.282041832300266,15.022386563345606,0.7510152787459401,3.016310699561426,2.2652954208154856,0.26735503594090454,0.20078771684128924
11.465628174578724,16.25143833406069,0.7055146713105638,2.395754907215084,1.6902402359045203,0.20895103789663144,0.1474180228216431
8.083995388111799,16.211920741602704,0.498645133846899,0.9945951810002489,0.4959500471533499,0.12303262597884278,0.06134962024875553
10.437238612332273,15.989431102479456,0.6527585969405619,1.8798409152517674,1.2270823183112056,0.18010902932032366,0.117567717275461
8.146904536564051,13.64477890451325,0.5970712016351778,1.4818280650532554,0.8847568634180776,0.18188847781420242,0.10860037201211921
11.43424286476242,15.001990819367489,0.7621816999115126,3.204890875209857,2.442709175298344,0.2802888580481842,0.2136310382934217
9.339616591835139,15.304608171842826,0.6102486575917714,1.5657384367712892,0.9554897791795178,0.16764483010363465,0.10230503252294364
10.460739865408817,13.53318941455484,0.772969293857542,3.404690523988048,2.631721230130506,0.32547320436162946,0.25158079294496016
10.762757576199347,15.126821731927478,0.7115015808960646,2.4662234999621844,1.7547219190661196,0.22914420235720687,0.16303646223032042
11.423075434074509,13.099320566414871,0.8720357194221158,6.814680749065436,5.94264502964332,0.596571456469381,0.5202316192289761
11.816940804159659,16.59984559873705,0.7118705251727591,2.470661932798053,1.7587914076252937,0.2090779647409556,0.14883644056219567
11.303235485309926,14.095027661282382,0.8019307061282875,4.048738148416333,3.2468074422880453,0.35819285139004775,0.2872458462453258
9.429799312370713,13.702293634325432,0.6881913031514848,2.207094638818962,1.518903335667477,0.23405531397932622,0.16107483153696245
11.405916278742211,14.217308621393828,0.802255657697329,4.057034696190611,3.2547790384932815,0.3556956404942156,0.2853588400047596
10.739303096894432,15.357765541433029,0.69927510404566,2.3252983489329497,1.6260232448872898,0.21652227597574505,0.15140863706114224
11.438036903321784,15.379336669516649,0.7437275839076397,2.902097678899633,2.158370094991993,0.2537234058107313,0.18870109558443274
11.071948732669842,15.451792355869877,0.71654785915265,2.5279324298296224,1.8113845706769724,0.22831865382202213,0.16360124260078496
11.02830524845936,16.7351129374096,0.6589919822893298,1.9324823701020848,1.273490387812755,0.17522931461949243,0.11547471339629994
10.32978471625276,13.179661136281483,0.7837670945739665,3.624643034924529,2.8408759403505623,0.3508924081662185,0.27501792325649943
8.677263368808587,15.892431523895805,0.5459997330025607,1.202641876432289,0.6566421434297284,0.13859690841646255,0.0756738749903689
9.631549010193872,14.298194513973273,0.6736199455659382,2.0639127189741577,1.3902927734082196,0.21428668605535275,0.144347785796112
9.86633297669628,15.232593670432761,0.647711951763496,1.8385862222855291,1.1908742705220332,0.18634950053157195,0.12070079869945713
10.080418609253815,14.203324352381197,0.7097224818050308,2.4449791572502537,1.735256675445223,0.2425473833999081,0.17214133090189915
11.320194639273653,15.153191665752026,0.7470501851341727,2.9533533579790596,2.206303172844887,0.26089245389234383,0.1948997559803841
10.08951399912451,15.068600064237325,0.6695720873945151,2.0263787103057247,1.3568066229112095,0.20084007123450726,0.13447690572895213
9.527386474362112,15.505469583302851,0.6144532690981336,1.5937193078017071,0.9792660387035735,0.16727770119227914,0.10278433034481667
11.547400288638983,13.859062358562884,0.8332021308428827,4.99528042566322,4.162078294820338,0.43258918031774424,0.36043422682032056
11.456901329290698,15.702424089998557,0.7296262834085607,2.698584361700721,1.96895807829216,0.2355422538903712,0.17185781929170713
9.579165311337704,15.295716576932907,0.6262645664985586,1.675689566363108,1.0494249998645495,0.1749306449884309,0.10955286455099293
8.482371191597585,16.310800777780933,0.5200462752970736,1.0835342003418413,0.5634879250447677,0.1277395407330396,0.06643047236637606
9.532869272543547,14.65582383039099,0.650449226387107,1.860814724179216,1.2103654977921088,0.1951998575642605,0.1269675963435467
9.327879026804787,16.710641618327216,0.5581999327048303,1.2634672876405266,0.7052673549356964,0.13545065110833887,0.07560854433350019
10.813896602457039,15.91140777851782,0.6796316676049877,2.121407139476588,1.4417754718716003,0.1961741652860432,0.13332617509437003
11.117377160013085,16.145231485780695,0.6885858013125608,2.2111573724474964,1.5225715711349357,0.19889199949072286,0.13695420684397683
8.71462580920959,15.504502945976597,0.5620706345488506,1.2834732696443238,0.7214026350954732,0.1472780699646281,0.08278067824014855
10.589485209696852,13.845024187036083,0.7648585561600112,3.2527594611543216,2.4879009049943104,0.30716879968591404,0.2349406846251719
9.277289305288377,14.202666750221368,0.6532075608366843,1.8835692104840493,1.230361649647365,0.20303012534171477,0.1326208129508278
10.911104287122788,16.29065404837475,0.6697769318974238,2.028256038398181,1.358479106500757,0.18588916254717822,0.12450427296383053
8.469953866986145,14.376653531889032,0.5891464135376732,1.433957090676863,0.8448106771391899,0.16929927992478033,0.09974206358219492
8.309570698875325,16.457587466263966,0.50490818997067,1.0198273931066613,0.5149192031359913,0.12272925161400838,0.0619670042888839
10.676360345763449,16.85402211334672,0.6334606822017177,1.7282202793598538,1.094759597158136,0.1618735433602744,0.10254052520740875
10.522837469359414,15.261026659823406,0.689523562465304,2.220856332739418,1.5313327702741142,0.21105109141960496,0.14552470041783655
11.079543549574835,13.946224778865734,0.7944475100075039,3.864937418352393,3.0704899083448893,0.3488354372234681,0.2771314445045632
9.811651755708063,15.306389900515684,0.6410167139004802,1.785645011123925,1.144628297223445,0.18199229401768174,0.11666010226642438
8.262053430813534,13.333818191316572,0.6196314748159728,1.6290293065552337,1.009397831739261,0.19717002803198153,0.12217275525896341
10.659582976564362,13.29325057617482,0.8018793383515452,4.047429135757681,3.2455497974061354,0.37969863780376406,0.3044724924550653
8.277620696174354,14.209003715221986,0.582561653306249,1.3955633398807965,0.8130016865745475,0.1685947437197479,0.09821683264011968
11.51507276002336,14.041397067320183,0.8200802744068418,4.558034266132891,3.737953991726049,0.39583199873099584,0.3246140141383237
9.615067444639935,15.752603978055971,0.6103795574391461,1.5666004417717694,0.9562208843326233,0.1629318203737712,0.09945025241249691
9.485250480973887,15.951640859214193,0.5946253783349751,1.466853982848326,0.8722286045133509,0.154645782501014,0.09195630692757371
10.882982305046689,13.628937534475465,0.7985202278253409,3.963277401034177,3.1647571732088364,0.3641719971552572,0.29079870613602543
8.107978869721821,13.636845610913786,0.5945641023634436,1.466481152333548,0.8719170499701043,0.1808688917295935,0.10753815025667662
10.836013108641897,15.031554994678775,0.7208843737376396,2.5827445900862234,1.8618602163485838,0.23834823418831438,0.17182151753431527
8.280874726154746,13.66330633310378,0.6060666813926032,1.5385006872105265,0.9324340058179232,0.18578963431861198,0.11260090710862647
8.694018011897585,14.124333008905666,0.6155347658835173,1.6010154137812802,0.9854806478977629,0.18415137990171213,0.11335157651492703
8.78413069927613,13.848347962012935,0.6343089243115254,1.7345485478893157,1.1002396235777903,0.19746388200169357,0.12525310258287223
9.268957750847848,16.925086746376245,0.5476461001201299,1.2106585137556374,0.6630124136355074,0.1306143092134492,0.0715304170606302
11.19018361719463,13.229631472350418,0.8458424288372522,5.486869197908396,4.641026769071144,0.4903287904478505,0.41474089504124195
9.321024548054625,14.951806278937552,0.6234045823068917,1.6553695372228634,1.0319649549159717,0.17759523415999937,0.11071368277120902
11.515338756214492,15.036277582065958,0.7658370692723209,3.27053076630201,2.5046936970296887,0.2840151588712056,0.21750933689883667
8.533582202253944,13.552862737116909,0.6296516365419405,1.7001604399238717,1.0705088033819312,0.19923174109400557,0.12544659183094078
8.114076885690206,16.080280954422005,0.5045979550163813,1.0185625193232026,0.5139645643068214,0.12553030168096083,0.06334233352080224
9.673701957633316,16.952305052394628,0.5706422771260148,1.3290602374782392,0.7584179603522244,0.1373889999194678,0.07839997176611097
8.431553574329545,13.699101305669478,0.6154822412211874,1.600660118211168,0.9851778769899805,0.1898416589659692,0.11684416973752305
11.791554779222594,16.825232095820382,0.7008256832398632,2.342532911345296,1.6417072281054328,0.1986619199253499,0.13922737576542632
8.602813485294437,16.193445563580813,0.531252811609299,1.1333461293564062,0.6020933177471072,0.13174133454058218,0.06998795437984555
11.054332243746403,14.3629167637022,0.7696439675597637,3.341106197248994,2.57146222968923,0.3022440545098603,0.23262031328431837
9.511326012692015,13.730361200251537,0.6927221996547163,2.254384139942144,1.5616619402874279,0.2370210144131186,0.16418971846864774
11.440099408322697,14.156628232237983,0.8081090511560437,4.211293216404853,3.403184165248809,0.3681168376335199,0.29747854837458715
10.968022247595538,14.959407246923119,0.7331856180231648,2.7479239034679175,2.0147382854447526,0.25053959970498146,0.18369203124897318
8.65169764951473,14.066037032792796,0.615077127221024,1.5979230404793414,0.9828459132583174,0.1846947391381584,0.1136015095619349
8.795779491084415,13.292298998919568,0.6617199546744591,1.9561306196398862,1.2944106649654272,0.22239423141776812,0.1471627007336267
11.140299004151974,15.32777886063428,0.7268045230456159,2.6603827089237346,1.9335781858781187,0.23880711890517603,0.17356609415577418
10.998220022078584,13.379089066611739,0.8220455045422528,4.61941409475343,3.7973685902111773,0.4200147010589077,0.34527119684713325
10.451014983606097,15.869188913631575,0.6585727248245632,1.9288814125531313,1.270308687728568,0.18456402709008227,0.12154883422530997
8.52618685857132,15.456346047244633,0.5516301739434246,1.2303017328240546,0.67867155888063,0.14429682966509705,0.07959848524764221
11.6141769735729,15.763773819567465,0.7367637411262714,2.7988687587285934,2.062105017602322,0.24098726626063888,0.1775506798539812
10.043512285666122,14.057370300305273,0.7144659400092785,2.5022091586289053,1.7877432186196267,0.24913686442142385,0.17799980402981677
10.216339720923077,14.42667525613347,0.7081562133714504,2.426490628949971,1.7183344155785205,0.23751076170465582,0.16819472164373797
9.044304074493912,15.06385616923405,0.6003976653046991,1.5024878815147706,0.9020902162100716,0.16612531701051247,0.09974125248111469
11.820106241364275,15.73893352121278,0.7510106212363914,3.016235571836996,2.2652249506006044,0.2551783808238311,0.19164167430860185
11.275816706441642,13.799140056447712,0.8171390869515064,4.46863724635787,3.651498159406364,0.39630275683756283,0.32383447287861095
8.96644482155415,14.55798676999133,0.6159124172331892,1.603572843455148,0.9876604262219587,0.17884154482280093,0.11015072817352908
11.247047852391704,15.232616997525437,0.7383529602443759,2.8219427245727324,2.0835897643283565,0.2509051941103497,0.18525659281206647
8.24362928836147,15.441225029558234,0.5338714559616334,1.1453309667251166,0.6114595107634831,0.13893528283011453,0.07417358172895458
9.19510602638915,15.034405126100811,0.6116042470097991,1.5746934468287805,0.9630891998189814,0.17125343006481364,0.10473932514263563
9.121652224442506,16.827608194061774,0.5420646903141831,1.1837145527958661,0.641649862481683,0.12976975263581833,0.07034360077468302
10.582962797649714,14.946447027649372,0.7080587632681087,2.4253468649869605,1.717288101718852,0.22917465660236344,0.16226912392626297
11.509372497968249,16.625395599666973,0.6922766095381692,2.249671721409287,1.557395111871118,0.19546432455865184,0.1353153798911318
11.79561245671772,15.879827969047746,0.7428048011420024,2.8880974623174023,2.1452926611753997,0.24484506191728958,0.18187208752807354
11.058811141964462,14.758310663544872,0.7493277106085928,2.98927221843245,2.239944507823857,0.270306833172073,0.2025484004626883
10.00827777661777,15.045095996585646,0.6652186053773975,1.987023819311391,1.3218052139339935,0.19853803657944555,0.1320711958077455
10.765641754584719,15.98211690919809,0.6736054939248276,2.063777059316337,1.3901715653915097,0.19170032835594264,0.1291303943677564
10.869814960289311,13.205473118842034,0.8231295359482331,4.653855240111303,3.8307257041630702,0.42814484488588167,0.35241866748954404
9.032991163444464,16.885179739393518,0.5349656505207514,1.1503787862548494,0.615413135734098,0.12735302907306137,0.06812949604385844
9.91781648894758,13.438832564330479,0.7379968789306576,2.816748426196562,2.0787515472659046,0.28400892770455555,0.20959770223440477
11.479125813049047,15.624614601427066,0.7346821733446537,2.769064493728957,2.0343823203843034,0.24122607756256026,0.1772244989310678
11.466273087635848,15.194858657385202,0.7546153173371482,3.0752339923920906,2.3206186750549422,0.2681982165336821,0.20238648227882167
9.410784754357653,15.474789162269609,0.6081365410330037,1.5519092865564241,0.9437727455234204,0.16490753184401696,0.1002862960059104
9.491319314661675,13.587381989228135,0.6985392272172996,2.31718117342193,1.6186419462046304,0.2441368893618903,0.1705391940300902
9.839600811045653,13.02666538967986,0.755343022692584,3.0873553291042324,2.3320123064116483,0.3137683518256611,0.237002735293265
10.036477828567202,13.787644298938167,0.7279327498563438,2.6755618306576143,1.9476290808012706,0.2665837434565005,0.19405503744128852
9.29698966389912,13.992575670938512,0.6644230399416915,1.979942365012914,1.3155193250712225,0.21296596388626446,0.1414994931294243
9.673747959007853,16.37672408143838,0.5907010407516252,1.4432019124514075,0.8525008716997823,0.14918746266358415,0.08812518946247339
10.740954073970887,16.276040360691916,0.6599242712564934,1.940521523528733,1.2805972522722395,0.18066565690205302,0.11922565197216303
8.532438636400954,16.498550933928964,0.5171629114926786,1.0710919351524435,0.5539290236597649,0.12553174781509335,0.06492036418481836
9.761951397375213,13.13279498034123,0.7433262616212386,2.895996553119692,2.1526702914984535,0.2966616442997622,0.22051639102375187
8.666099262070434,14.608030441323855,0.5932421414974178,1.458465101771726,0.8652229602743082,0.16829545308292274,0.0998399549911913
11.68086235589654,16.213372330087754,0.7204461920744232,2.5771288805560513,1.856682688481628,0.220628306544089,0.15895082331351745
8.84519286285256,14.339970254664895,0.6168208654390448,1.6097454422871829,0.9929245768481381,0.18199099411926703,0.1122558424947584
8.63051331769689,14.63372188424419,0.5897688493717498,1.437650086953528,0.8478812375817782,0.1665775874542274,0.09824227208400173
11.072050846707414,14.004905893449312,0.7905837376519811,3.775178339961715,2.984594602309734,0.34096468596731294,0.26956113583937225
10.556105856289296,13.590636591040505,0.7767190142695969,3.478661703900901,2.701942689631304,0.3295402444101415,0.25596017380040714
11.030576729501744,15.351288266045668,0.718544042580415,2.5529537522250205,1.8344097096446055,0.23144336101638618,0.16630224825311254
8.861653661479686,14.884833140395296,0.5953478670466539,1.4712584429038307,0.8759105758571768,0.1660252701252788,0.09884279044492927
9.552322497404118,15.920132767294872,0.6000152534549017,1.50009533772871,0.9000800842738084,0.15703985477211085,0.09422630826360906
10.027157371113608,14.422088832529232,0.6952638752645323,2.281527586754179,1.586263711489647,0.22753483388291476,0.15819675036310693
9.195714455390476,15.501669904617362,0.5932079906211537,1.458258709474054,0.8650507188529003,0.15858025132775094,0.09407107224233267
11.340851953294575,15.6020614098693,0.7268816379687342,2.6614162173597204,1.9345345793909863,0.23467515741500933,0.17058106281239252
9.045228594708608,13.260531201897596,0.6821166103371655,2.1458076531166284,1.463691042779463,0.23723089258041638,0.16181913231421388
11.432095175578473,16.341496103945357,0.6995745740084595,2.328613071611849,1.6290384976033896,0.20369084020454015,0.14249693276551637
9.187016226713908,16.797956511711448,0.5469127283612604,1.2070803189486432,0.6601675905873828,0.13138981026709282,0.07185875961204406
8.487299800402393,14.088430285770423,0.6024304786442195,1.5152833562035337,0.9128528775593142,0.1785353872066228,0.10755515876981685
11.260653813496713,13.458800480165053,0.836675885796222,5.122794572467781,4.286118686671559,0.45492869750846426,0.3806278709620159
9.981633119639133,13.497983400559693,0.7394906945303581,2.83863447103057,2.099143776500212,0.2843857750537314,0.21030063430903806
8.424640926991556,15.351227842424574,0.5487926446970751,1.2162759277907491,0.667483283093674,0.14437124838091847,0.07922987921718258
8.193499903206465,15.790252515661553,0.5188960654732878,1.0785529450798481,0.5596568796065603,0.1316351934852363,0.0683049839773041
11.365299861534071,14.095308073931708,0.8063179465054334,4.163100978935321,3.3567830324298877,0.36629926439735766,0.29535367067532825
8.037748465612294,15.535361217045317,0.5173840732324472,1.072041025868672,0.5546569526362247,0.13337578682079432,0.0690065078559251
11.91272869892163,15.397011375264071,0.7737039616701145,3.4189903074760815,2.645286345805967,0.2870031202662726,0.22205545116169942
11.770399117682008,13.217471194576625,0.8905182348732201,8.133941153049552,7.243422918176332,0.691050581354577,0.6153931439159905
10.663284540307105,16.94403650350475,0.6293237469183616,1.6977719551399428,1.0684482082215814,0.1592166042950821,0.10019878998659917
11.562149829683875,16.529914761892726,0.699468206353895,2.327434970749093,1.627966764395198,0.20129776944887837,0.14080138973944684
9.631989856736809,15.866422353467607,0.6070675318076186,1.544966580645089,0.9378990488374703,0.16039952321632772,0.0973733426620549
10.54771156475514,13.075831930892889,0.8066570158213164,4.172155608583246,3.36549859276193,0.3955507868194252,0.3190738173015312
8.827719002009767,16.4228008948654,0.5375282242366928,1.162294116975042,0.6247658927383493,0.1316641497889124,0.070773196631668
11.447584231110323,16.960691162900567,0.6749479794874462,2.076430653847848,1.4014826743604019,0.18138592491897754,0.12242606353152549
8.477949126038785,16.665496116545135,0.508712675983409,1.0354687595526675,0.5267560835692585,0.12213670360115468,0.062132489324735855
8.158274890345858,13.048373038412173,0.6252331126899343,1.6683253880235258,1.0430922753335916,0.2044948730518689,0.12785696600735297
9.292178388230745,14.941927761908994,0.6218861807054786,1.64470629998603,1.0228201192805515,0.17699900187766265,0.11007323326638148
9.462690498790868,14.707881293677357,0.6433755011919156,1.8040698363186334,1.1606943351267178,0.1906508340887991,0.12266007593453786
8.369983424078388,16.33504657668891,0.5123942184543787,1.0508370446925026,0.5384428262381239,0.1255482826488643,0.06433021416615427
10.170026939488036,16.476042877441778,0.6172614999328727,1.6127499580643525,0.9954884581314798,0.15857873019022103,0.09788454485466615
9.513911767728832,14.588336764695079,0.6521587704743179,1.874874842650495,1.2227160721761772,0.19706666284315003,0.12851875254126566
9.231442818098232,14.149116977964697,0.6524395008165481,1.8771969264325772,1.224757425616029,0.20334816164948072,0.13267237307854993
10.272561079792071,13.027208913019976,0.7885465834147493,3.729174000349313,2.940627416934564,0.36302281109676265,0.2862603973919701
9.502915267228495,14.818810527776405,0.641273822174608,1.7876415545194604,1.1463677323448525,0.1881150682974386,0.1206332688557359
10.835777493745518,14.930809578679769,0.7257327498984588,2.6460787776512613,1.9203460277528026,0.2441983308699902,0.17722272618289173
9.08954111989194,13.45582860550676,0.6755095792593606,2.081755072206849,1.4062454929474886,0.229027521273989,0.15471028453460658
9.849284885911745,16.958192022207356,0.5807980516445241,1.385485095961476,0.8046870443169518,0.1406685979753973,0.0817000476316776
11.248803221187542,14.759197934453352,0.7621554552723174,3.2044268921321644,2.442271436859847,0.2848682503483132,0.2171138910368471
8.40318348536946,14.179481396342885,0.5926298184316371,1.454769753029125,0.862139934597488,0.17312126476376274,0.1025968237036041
10.278041378839033,13.788193045062206,0.7454233738422875,2.9280903949936516,2.182667021151364,0.2848879749620542,0.21236215546331158
8.88102221664338,16.18119815781915,0.548848245353936,1.2165490651466409,0.6677008197927049,0.13698299986985515,0.07518287912188842
9.819446428500612,16.205778085363004,0.6059225528559778,1.5375722646582548,0.931649711802277,0.1565844139844282,0.09487802785890201
9.53038974501993,13.0426982960443,0.7307069080874459,2.7134261146391525,1.9827192065517067,0.2847130271935671,0.20804177579282834
10.065941017566669,15.55635426285691,0.6470629845194891,1.8333667372308238,1.1863037527113347,0.18213565269569007,0.11785323902067833
11.300701224007241,15.93974198222159,0.7089638738576504,2.435999555295368,1.7270356814377177,0.21556180514889853,0.1528255324341111
9.467233872359282,16.034690391246237,0.590421993899408,1.4415373508957432,0.8511153569963352,0.15226594909675606,0.08990116526869248
11.220608496642102,16.36875700662761,0.6854893436379406,2.1795425044320806,1.49405316079414,0.19424459066407443,0.13315259695953682
11.910545035411293,14.421445603884251,0.8258912013788218,4.743535122402264,3.9176439210234424,0.39826348066349937,0.3289223045104887
9.718510750308692,16.67654722732301,0.5827651622264945,1.3967317909892432,0.8139666287627486,0.14371870617572538,0.0837542551194785
10.308787853956192,13.179745786191841,0.7821689447725543,3.5907136563051663,2.808544711532612,0.3483157968884928,0.2724417992998837
11.627422449815924,13.22197954996971,0.8794010311294546,7.291944859606802,6.4125438284773475,0.6271333901454867,0.5515017499496516
8.101457764383682,14.620549045582191,0.5541144685555878,1.2427280758821129,0.6886136073265251,0.15339561249649414,0.08499872829725372
10.94089102469258,14.330366413317488,0.7634760137413511,3.2279010083419535,2.4644249946006025,0.2950309075428024,0.22524902122127194
8.760849088292751,13.617750665521305,0.6433403947154275,1.8037938280173818,1.1604534333019543,0.20589258071204736,0.13245901414426656
9.375075079347404,14.46287772052236,0.6482164380083552,1.8426569858421948,1.1944405478338398,0.1965485044382665,0.1274059714428425
9.441055920625857,15.88573984604212,0.5943101178871479,1.4649369976691378,0.8706268797819898,0.15516664767006547,0.09221710866895015
10.424957771926309,14.570759109764566,0.7154711496767552,2.5145820849587994,1.7991109352820442,0.24120789167418935,0.17257728756723847
8.909030112363478,14.574392582922508,0.6112796853573577,1.5725437090143288,0.9612640236569712,0.1765112126888017,0.10789771855445635
10.160926417337075,16.21222310820194,0.6267447930812494,1.6791320829924228,1.0523872899111733,0.16525383749727826,0.10357198218811407
11.779809573442034,14.516922354186244,0.8114536460302201,4.30373554802486,3.4922819019946396,0.36534848217986243,0.29646335793645623
8.094218872019416,16.617046512114914,0.48710334090466684,0.94971049677695,0.4626071558722831,0.11733195158089516,0.057152785609918634
8.444534301780466,13.52707871981908,0.6242688814553901,1.6614777180912994,1.0372088366359093,0.19675184666382245,0.12282605524110686
8.211251038410257,14.030417603258918,0.5852463747410475,1.411069943935143,0.8258235691940956,0.17184591450614495,0.10057219847878132
9.687360485806625,15.716034864686488,0.6163997833559065,1.6068806966493603,0.9904809132934538,0.16587394461098784,0.10224466352260253
9.254918479075492,15.974240673507467,0.5793651584594154,1.3773589375941313,0.7979937791347159,0.14882453483606706,0.08622375020794677
11.325574157326765,15.826471864352204,0.715609534101954,2.5162922809040307,1.8006827468020767,0.2221778998529788,0.15899262340154077
8.736842923493073,14.94835572502083,0.584468491666223,1.4065563740517764,0.8220878823855534,0.16099137713344877,0.09409438736445486
9.175051951272064,15.474239013636243,0.5929242751896752,1.4565454018805608,0.8636211266908856,0.15875064355124657,0.09412711026351736
9.373799002474357,14.676262315611707,0.6387047874241853,1.767819680949021,1.1291148935248356,0.18859159242505394,0.12045435294983267
11.87836820250567,16.11747082478054,0.7369871074463328,2.8020949858796453,2.0651078784333126,0.23589898360690323,0.1738545095779815
9.525314126280925,14.512134704527092,0.6563689160981591,1.9100976216856227,1.2537287055874637,0.20052857011986056,0.13162072021628657
11.871749881899822,13.670273409328658,0.8684354384454729,6.600831015467251,5.732395577021778,0.556011631068067,0.4828602046073792
10.707537587351585,16.551937622811757,0.6469053854211326,1.8321021015647339,1.1851967161436012,0.17110396172962566,0.11068807430978622
10.362318803204857,14.93643531253036,0.6937611676670792,2.26542519895998,1.5716640312929009,0.21862145355529203,0.1516710748955935
11.311304154920805,15.67206895380049,0.7217492590330776,2.5938808160042854,1.8721315569712078,0.229317572976398,0.16550978837897895
10.846948236377163,16.086710986246104,0.6742800467821632,2.0701220177666384,1.3958419709844752,0.19084833564745127,0.12868522468866145
8.313811795826956,16.81302858285167,0.4944862702670101,0.9781856380601087,0.48369936779309863,0.11765790014047471,0.05818021620791167
9.188084715023429,14.573524269747812,0.6304641584943423,1.7060974543782916,1.0756332958839492,0.1856858646055639,0.11706828237284123
10.31209038280291,14.921247866103666,0.6911010711261424,2.237304848047438,1.5462037769212955,0.216959390869819,0.1499408674210073
9.805176305527736,16.701954909405224,0.5870675833285979,1.4217037937124872,0.8346362103838894,0.14499523001039685,0.08512199927637787
11.897105734571792,13.38703589898678,0.8887035057157234,7.985008974728103,7.09630546901238,0.6711723971255018,0.5964732622650593
8.651555066241865,14.503038466802366,0.5965339667301705,1.4785233886869014,0.8819894219567309,0.1708968361602482,0.1019457675763089
9.645077601404159,13.427764370177764,0.7182936291930533,2.5497954736895165,1.8315018444964632,0.2643623596474029,0.18988979873317222
9.281224149849612,13.518795802461144,0.6865422250227297,2.1902223515512182,1.5036801265284887,0.2359842102926377,0.16201312480453922
8.167785934479543,13.92570133799369,0.5865260022628273,1.418531770976457,0.8320057687136299,0.1736739653016931,0.10186429656553503
9.312611990181987,15.256440572458551,0.6104052872590369,1.5667699465544032,0.9563646592953663,0.1682417294102023,0.10269564116959168
9.12592749028829,13.238760675501524,0.6893339727166398,2.2188907449732005,1.5295567722565608,0.2431413954729006,0.1676056240732022
9.352290507304433,13.154250203219707,0.7109710065432171,2.459860507556745,1.748889501013528,0.2630222516757276,0.18700119501715545
8.972473084827353,14.501347312159616,0.6187337556768803,1.6228390655861706,1.0041053099092903,0.18086864683165524,0.1119095371383453
8.887524282449618,14.476971539934791,0.6139076987153939,1.5900542348883944,0.9761465361730005,0.17890856715050646,0.10983334673983594
8.112332141601232,16.871293052919583,0.480836419363683,0.9261751734864413,0.4453387541227583,0.11416879355036251,0.05489651389382785
11.617346156187637,13.434052049451804,0.8647685831068147,6.394731364752808,5.529962781645993,0.5504468300057361,0.4760091252596981
8.099068147526983,14.075905202061666,0.5753852438804953,1.3550759496416496,0.7796907057611543,0.16731257534305552,0.09626918696803774
11.520552594782163,14.098356168063335,0.8171557348564787,4.469135163824049,3.65197942896757,0.38792715254372345,0.31699689740764764
9.523721219474908,14.541453653137266,0.6549359814120234,1.8980129660926746,1.243076984680651,0.1992932092774259,0.13052429360686268
11.54601783855313,16.285615007148863,0.7089703295506371,2.436075773497441,1.7271054439468039,0.21098839509524903,0.14958451200203873
10.155769715711298,14.349480462184276,0.7077447676572806,2.4216667122911533,1.7139219446338727,0.23845230643077286,0.16876337221219
9.190292009424422,15.451416109656465,0.5947863900759807,1.4678341879669532,0.8730477978909725,0.1597157289955232,0.09499674188760088
8.228527961816413,16.198724615382915,0.5079738162844187,1.0324121623943008,0.524438346109882,0.12546741861789823,0.06373416345468849
9.839457439190346,15.402870038667222,0.6388067557857375,1.7686010633321612,1.1297943075464236,0.17974579129616045,0.11482282580404052
9.578390419736548,16.89642854735571,0.5668884636117711,1.3088740797327283,0.7419856161209571,0.13664864579290437,0.07746454086816867
9.183696025767963,15.237681156324493,0.6026964294338324,1.516967060162522,0.9142706307286896,0.16518045195596176,0.09955366860612486
11.331836797141971,14.537922702685151,0.779467399083707,3.534476970049283,2.755009570965576,0.31190680145876454,0.24312118328958138
9.30373005590651,15.83135056623907,0.5876775968657438,1.4252866019370534,0.8376090050713095,0.15319518014521546,0.09002937531915495
8.650617953546213,15.64480059594451,0.5529388438347147,1.2368304340676934,0.6838915902329787,0.14297596318661493,0.07905696378056158
11.515917388805772,16.550239745167467,0.6958157444316373,2.287481129263309,1.5916653848316717,0.1986364656876482,0.13821438024372032
9.994043233344566,15.218302099409222,0.6567121067817767,1.9130068952484558,1.256294788466679,0.19141471080151176,0.12570435799948532
8.855983480942493,14.640480350037436,0.6048970572826764,1.530985958045496,0.9260889007628197,0.17287588231618536,0.1045721124882068
9.728545581368673,16.006872983941356,0.6077730229463733,1.5495441632085298,0.9417711402621566,0.15927809046565933,0.09680492653143968
10.260787863786657,16.00636892288005,0.6410440689717913,1.7858572976787357,1.1448132287069444,0.17404680043932613,0.11157166914514698
8.606729914971147,15.247977084172724,0.5644506066253774,1.2959508501482055,0.7315002435228282,0.15057412779898416,0.0849916577782237
9.542318259853733,16.71725054130477,0.570806678782297,1.3299523794145023,0.7591457006322053,0.13937413773022575,0.07955568866593658
9.912723595928428,15.191117483975262,0.6525341935104588,1.8779810310057095,1.2254468374952507,0.1894515682629419,0.12362362630575044
8.478804794651495,16.065351256014303,0.527769649074889,1.1176106068595022,0.5898409577846132,0.13181228179288912,0.06956652170559346
8.502544189929997,13.311717590194739,0.6387263050256471,1.7679845333632462,1.1292582283375991,0.2079359417451969,0.1328141557529378
10.241636922250715,15.049915072046929,0.6805112768558471,2.130000928229324,1.4494896513734767,0.20797465721536557,0.14152909953528553
8.14855026525263,14.152425450370153,0.5757705839064856,1.3572151342271996,0.781444550320714,0.1665590921141752,0.09589982572151277
9.181965505980031,13.325205577951028,0.689067455827718,2.216131661811246,1.5270642059835282,0.2413570014359043,0.16631125492564547
11.912754322997307,15.169947879138876,0.785286437231552,3.6573676441595953,2.8720812069280433,0.30701276505796216,0.24109296045697462
9.907876805296935,14.242164745400874,0.6956721104140028,2.2859295326510627,1.5902574222370598,0.2307184049188987,0.16050435966128268
10.72746364793579,13.502563098111889,0.7944760983517158,3.8656141304251492,3.071138032073433,0.36034744626414855,0.2862874331589453
11.292062935304227,13.448224858886112,0.8396694027496744,5.237112673126833,4.397443270377159,0.46378706026807465,0.3894278038983215
9.228195523726455,13.596967311290765,0.6786951319698672,2.1123088988064054,1.433613766836538,0.22889728478070107,0.1553514729017822
10.324592336301858,13.448766504130607,0.7676980883808786,3.3047428797727005,2.537044791391822,0.32008458756797936,0.2457283259961197
10.133740214414756,13.625391607416312,0.7437393732521386,2.9022771960357163,2.1585378227835776,0.28639743417809027,0.21300504819663346
11.046576626858023,14.063895733256663,0.7854563796812263,3.6610567982127717,2.8756004185315454,0.3314200337244287,0.2603159798430197
8.93348465630354,16.7953591629373,0.5319019718266736,1.1363046622997568,0.6044026904730831,0.12719612850042464,0.06765587155809483
10.053726181384432,16.95793239449099,0.5928627351203806,1.4561740873699578,0.8633113522495772,0.14483924279400234,0.0858697896356171
10.462676757174199,15.771093819711302,0.6634084405799143,1.9709598236001584,1.307551383020244,0.1883800741763987,0.12497293124569327
8.964827301369313,13.274662301528487,0.6753337371404977,2.0800859664089737,1.404752229268476,0.23202744419753132,0.15669596100907712
11.960242001831611,15.923630787298933,0.7511001832177235,3.017680739695938,2.266580556478215,0.2523093378239174,0.18950958986708688
11.171159018250076,13.500332474897705,0.8274728817991368,4.796190247818077,3.9687173660189403,0.4293368521549686,0.3552646023152418
11.006236231928805,13.620998466308654,0.8080344667208188,4.2092684708440355,3.401234004123217,0.38244395106049583,0.3090278940457707
10.628817128455493,13.258907331805029,0.8016359766659985,4.041236728276172,3.239600751610174,0.38021509632120437,0.3047941000826054
8.865770666173763,16.718826258580194,0.5302866677990508,1.1289580930442644,0.5986714252452137,0.12733896866424288,0.06752615737392909
8.800555457457786,16.318267459743286,0.5393069747856819,1.170642803925221,0.6313358291395391,0.1330191951615045,0.07173817973097722
9.465803348990725,16.624023077752348,0.5694050895332702,1.3223683691850454,0.7529632796517752,0.13969953953523032,0.07954562881681443
11.793181021472023,14.022429985225116,0.8410226354417911,5.290203657476372,4.449181022034581,0.4485815699635593,0.37726725418136886
9.897406934997916,16.329277372434163,0.6061142026839449,1.538806950679659,0.932692747995714,0.15547576863171414,0.09423607154088491
11.549164923359285,15.778380869161552,0.7319613475633509,2.73080520629893,1.9988438587355792,0.2364504468003238,0.1730725876719214
8.025667744511784,13.398190135011589,0.5990113338919894,1.4938360719917185,0.8948247380997292,0.18613230942848996,0.11149536295115628
11.239350527964557,14.416735706073982,0.779604395690576,3.537295574171489,2.757691178480913,0.31472419739649243,0.24536036772049408
8.870272500808932,15.794417210657205,0.5616080911693127,1.2810639974338873,0.7194559062645747,0.1444221693659422,0.08110865886013797
9.503192484585101,13.227277988276281,0.7184541288848738,2.551819090932762,1.833364962047888,0.26852229869825384,0.19292095419741787
9.254898546474656,13.234588293393152,0.6992962940218398,2.3255326759179646,1.626236381896125,0.2512758691237948,0.17571628405538656
9.448237513966664,16.708507184364485,0.5654746656725953,1.3013617872198064,0.7358871215472111,0.1377359306744877,0.0778861793492597
10.5611028103862,14.371230022158745,0.7348781415440587,2.7718504457684423,2.0369723042243835,0.2624584283984525,0.19287496209402918
8.324532619095088,13.973553621222624,0.5957348320080893,1.473623945805813,0.8778891137977236,0.17702182371483122,0.10545806641252058
10.726318374313877,15.691868856775992,0.6835590121365364,2.1601468784172644,1.476587866280728,0.2013875407232112,0.13766026839336473
8.525153434687445,13.46153970270593,0.6332970539004381,1.72700290694827,1.0937058530478319,0.20257734012403575,0.12829163268753885
8.332062448414845,14.50029366426191,0.5746133589659932,1.3508025488747228,0.7761891899087296,0.162121030325656,0.09315690979445285
10.998170999989114,13.417580052279032,0.8196836506387029,4.5458088162394805,3.7261251656007777,0.41332407145187866,0.338794983784528
8.074313526606243,15.811473899918884,0.5106616611274719,1.043575825887819,0.532914164760347,0.1292463839122742,0.0660011731033609
10.79915323928542,13.35789617143951,0.8084471611910764,4.220491673305415,3.4120445121143383,0.39081690756567916,0.3159548194669486
10.75305591723145,14.365077499216603,0.748555371025173,2.9770187340136562,2.2284633629884834,0.27685327379755115,0.20724000508705973
8.2879965433055,13.83023684168715,0.5992664216945144,1.495423528591068,0.8961571068965536,0.18043245080730314,0.10812710915286404
10.780487999933248,15.416359343358247,0.6992888372557138,2.3254502123366914,1.6261613750809776,0.21570917868941464,0.15084302075110576
11.310341600154562,14.529678071682545,0.778430295864416,3.513252404706355,2.7348221088419393,0.31062301466282366,0.2417983652062787
10.552276207060585,13.406703942409289,0.7870895227036884,3.6968097234983914,2.909720200794703,0.35033291879005557,0.27574336983785486
10.41131485096751,13.956193300601573,0.7459996165658395,2.937001930783345,2.1910023142175055,0.28209711960736766,0.210444343061424
8.114032291596025,15.515102308750789,0.5229763961672086,1.096332323946227,0.5733559277790184,0.13511559783681598,0.07066226842267591
9.409035851077904,13.945740343776967,0.6746888741031605,2.0739803234307863,1.3992914493276258,0.22042431937308327,0.148717835862781
9.251045519261435,15.82123809940233,0.5847232347518306,1.4080326271141128,0.8233093923622822,0.1522025401542424,0.08899636161643401
9.106787610835285,15.57747185266693,0.584612682787558,1.407391748767738,0.8227790659801801,0.1545431615307706,0.09034789226897473
9.605488806031044,13.083926701699689,0.7341441927203114,2.761437488359879,2.0272932956395677,0.2874853684308124,0.21105571372554008
11.174792876317033,15.080183279536566,0.7410250040847282,2.8613766416552715,2.1203516375705433,0.2560563469341294,0.1897441555327838
11.83665633153235,13.507951253353468,0.876273248957261,7.082326510413011,6.206053261455749,0.598338442212434,0.524307970733516
9.01674656684443,15.66009979678547,0.5757783592602193,1.3572583384858576,0.7814799792256384,0.15052639313127042,0.08666983966248162
9.864718117059681,14.87672377518167,0.663097484777976,1.9682176737118882,1.3051201889339121,0.19952092399965538,0.1323018228647492
9.354887210444003,16.37807250680756,0.5711836485371302,1.3320006258823545,0.7608169773452242,0.14238553559419503,0.08132828971960573
10.560612483693747,16.58319821727474,0.6368260419568972,1.7535013947264257,1.1166753527695286,0.1660416379669212,0.1057396391065145
11.387065547006014,16.20014508112841,0.702898985779506,2.365858587267725,1.6629596014882189,0.20776718791170717,0.146039345661399
11.429199260018969,13.231127220113756,0.863811455356916,6.342761482771907,5.478950027414991,0.5549611428125001,0.479381792439403
9.011724703013735,13.716548177632047,0.6569965406974185,1.9154224917534932,1.2584259510560747,0.21254782573561423,0.1396431862410563
9.789934846362423,14.609605713209367,0.6701026049943833,2.031245517967714,1.3611429129733303,0.2074830476244129,0.13903493070529277
8.37320842883541,15.669997555977563,0.5343465050919117,1.147519584701887,0.6131730796099754,0.13704658070496523,0.0732303614344948
10.102057225780438,13.442594678018377,0.7514960815042309,3.024081415106641,2.27258533360241,0.29935302755850446,0.22496262719664414
9.903346320971352,14.278216233716313,0.6935982869895033,2.2636893252804433,1.5700910382909399,0.22857822516888548,0.15854146542023992
8.972350232869934,16.08122881374809,0.5579393426203434,1.2621329976016533,0.7041936549813099,0.14066916302240046,0.07848486034367202
8.77393470912184,16.408542339560228,0.5347174982123971,1.1492319099859265,0.6145144117735294,0.13098250079193377,0.07003863513306616
8.53404392421878,15.70769196101498,0.5433034939442076,1.1896379471706204,0.6463344532264128,0.13939908884163868,0.0757360120203013
10.885900807814187,16.993739846364136,0.6405829973996724,1.7822835112561493,1.1417005138564769,0.16372402640090006,0.10487882757823166
9.696164060096823,16.0597980276074,0.6037537983621432,1.523683497448222,0.9199296990860789,0.15714291631251617,0.09487563260938602
11.509256435987094,14.072342998523055,0.8178635524443253,4.490389284628625,3.6725257321842997,0.39015459509513534,0.3190932231469847
9.324249426945013,15.937381951608295,0.5850552779155845,1.4099595603400932,0.8249042824245086,0.1512142689218097,0.08846870612885131
11.39129590984541,16.617817536045226,0.685486880881733,2.179517607416459,1.4940307265347261,0.1913318400878972,0.13115546627521518
9.240855469813916,13.58287851023462,0.6803311582924771,2.1282373179020615,1.4479061596095844,0.23030739143731224,0.1566852943798656
10.025756222014554,15.965695369661557,0.6279561265502889,1.68785503905138,1.0598989125010911,0.1683518930317883,0.10571760264565033
10.581172330882351,14.10546567095494,0.7501469698140073,3.0023529002453624,2.252205930431355,0.2837448258434139,0.21285032130684015
9.67621912139169,14.85229557822017,0.6514965360358955,1.8694119381923822,1.2179154021564866,0.1931965279764678,0.12586686875083075
8.464333433973845,14.070394615357538,0.6015704367477516,1.5098539170570866,0.908283480309335,0.17837836007226368,0.10730714797501935
8.543778819378083,14.59228136395479,0.5854998684772176,1.4125444697115528,0.8270446012343352,0.16533017761505844,0.09680079724893174
11.38638129202661,16.3527217125039,0.6962988481189745,2.292710593312957,1.5964117451939825,0.20135550834912258,0.1402036085259046
10.039402244696435,15.874851880975545,0.6324091915923749,1.7204162267601912,1.0880070351678164,0.1713664005911352,0.10837368686393488
11.411746340919471,13.17995509535799,0.8658410638241639,6.453845628958663,5.588004565134499,0.5655440838022221,0.4896712911587781
8.28241046485542,13.002589597415588,0.6369816106863546,1.7546813865013513,1.1176997758149967,0.21185636644633277,0.1349486095331436
11.111133968404046,13.700732564662907,0.8109883114616816,4.290678093684506,3.4796897822228248,0.3861602340396225,0.3131714361574413
10.657759427334634,16.811545841099747,0.6339547551468618,1.7319027198433141,1.0979479646964523,0.16250157752682923,0.10301864779199982
10.45386821783573,14.283825417644586,0.7318675433348709,2.729500010693972,1.9976324673591013,0.2610995235272884,0.19109026684982186
8.854248836584814,15.558268394425726,0.5691024612840043,1.320737321869688,0.7516348605856837,0.14916424264162784,0.08488973762291482
10.08340659002614,14.764189099405236,0.6829637931440706,2.154213866980908,1.4712500738368373,0.2136394925413122,0.14590803819138898
8.543848340218302,13.604264311943151,0.6280272232521739,1.6883687799495508,1.0603415566973768,0.19761221322269065,0.12410584955096292
11.506000105868505,15.387113278097708,0.7477685968716661,2.964613397052728,2.216844800181062,0.25765803665694914,0.19266858854367516
9.749584524960625,13.378971768644346,0.7287245009224295,2.686289412056533,1.9575649111341034,0.2755286038270828,0.20078444431374468
8.605597030614353,14.078399563989242,0.6112624514952948,1.5724296606966337,0.9611672092013389,0.18272173971227398,0.11169093855800975
8.544671792636978,16.40859700325426,0.5207435950156093,1.0865657497734846,0.5658221547578753,0.12716295910976808,0.06621929647964354
8.352439537754277,13.054707049116054,0.6398029083555596,1.776257841046438,1.1364549326908784,0.2126633581742779,0.13606263506056307
11.99552259607545,16.07657896988558,0.7461489548582003,2.9393180336973046,2.1931690788391043,0.24503459604660785,0.18283230774427775
9.541682028309452,16.36212890676115,0.5831565123757608,1.3989819433174002,0.8158254309416394,0.14661795888468365,0.08550121755484481
11.550196016676148,13.98613550620161,0.8258318397926763,4.741577558203719,3.915745718411043,0.4105192285358482,0.33901984977202965
8.998982087058646,15.518837481458569,0.5798747552972543,1.38024258862982,0.8003678333325657,0.15337763485658384,0.08893981848053319
9.760735441016742,14.147126027669792,0.689944757820501,2.2252317134540633,1.5352869556335622,0.22797787389084984,0.15729213899005512
10.12835631276581,14.590488637220304,0.6941752647631276,2.269846695773197,1.5756714310100695,0.22410810063151862,0.1555703000914461
8.899052938112565,13.765847484343698,0.6464587776548969,1.828524474082028,1.182065696427131,0.20547405289060422,0.13283050507145763
8.376430754450181,16.069818537733948,0.5212523548278577,1.0887831200515505,0.5675307652236928,0.12998174902515708,0.06775329276400673
8.010515843316774,13.09294734247739,0.6118191445961365,1.5761188015302807,0.9642996569341442,0.19675621799627885,0.12037922098845429
11.757247908148114,14.170112552988709,0.829721561080213,4.872734130896452,4.04301256981624,0.4144451294183825,0.34387405976311125
8.224747762206453,13.52196788486842,0.608250798421896,1.55265357522529,0.9444027768033939,0.18877826045436796,0.11482452764606595
9.427455126344263,14.593485727505119,0.6460043407296338,1.8248933957584044,1.1788890550287707,0.19357221766655636,0.12504849285725692
10.80979969910091,13.889362306642242,0.7782790498546786,3.5101737086395084,2.73189465878483,0.3247214385416838,0.2527238926556661
10.212027348594994,16.30883667159323,0.6261652841482144,1.6749789615485318,1.0488136774003174,0.16402021894104907,0.10270376699927432
8.179454178143246,14.963695589456705,0.5466199261569061,1.2056549409493476,0.6590350147924414,0.14740041507550006,0.08057200400406715
10.331263018862417,16.77307816838096,0.6159431748394251,1.60378135340232,0.9878381785628949,0.1552357490535473,0.09561640012061821
11.813271054164025,15.113901145976435,0.7816162710121277,3.579095725833741,2.7974794548216133,0.30297245440517984,0.23680820003156858
11.633571140402045,14.195051495310171,0.8195511755801379,4.54173740513396,3.722186229553822,0.39039924631234096,0.3199521612608789
9.008755283822195,13.031202428603306,0.6913218740312178,2.2396205492744694,1.5482986752432515,0.2486048825520159,0.17186599329917043
11.953821793553658,15.510622987535038,0.7706861164222888,3.3608349586086628,2.590148842186374,0.2811515025613868,0.2166795596353264
8.989797351588509,13.81862688490147,0.6505564862896006,1.861692836653274,1.2111363503636734,0.20708952202624573,0.13472343179678728
10.992920700018463,15.156298487138338,0.7253037876858307,2.640385106061465,1.9150813183756346,0.24018958911047458,0.17421041874453058
9.159925742848714,15.898696930008953,0.576143175957978,1.3592872481412688,0.7831440721832907,0.14839500737246522,0.08549677084387967
10.911222544535573,14.117778069626162,0.7728710913802105,3.4027860921657727,2.6299150007855623,0.31186112081179346,0.2410284448008665
9.104446661745433,15.707062470772907,0.5796403164937196,1.378915103510538,0.7992747870168184,0.15145512459361074,0.08778949635403628
11.579620102597476,16.672684491686887,0.6945264338428015,2.2736056758685113,1.5790792420257098,0.19634544619978583,0.13636710255041093
8.800666296963747,13.407271321569949,0.6564099499355263,1.9104451651389576,1.2540352152034313,0.21707960518831013,0.14249321277368246
9.904517864347376,13.302645798604306,0.7445524758230083,2.9146983444910233,2.170145868668015,0.29427967967859053,0.2191066640890964
11.054662632668569,16.170813697348983,0.683618204968922,2.1607381199091136,1.4771199149401917,0.1954594356885875,0.13361962856967066
11.6072240010371,15.152265317291699,0.7660388567636145,3.2742140261711654,2.5081751694075507,0.282084159475049,0.21608742703539163
8.952171199190254,14.897308715564327,0.6009254000245866,1.5057971618880506,0.904871761863464,0.16820468782190556,0.10107846931538932
9.25942448846365,16.417389797300306,0.56400101372913,1.2935833143858209,0.7295823006566908,0.13970450496113457,0.07879348242060617
9.838659236578206,15.310167496230717,0.6426225734630553,1.798162183018078,1.1555396095550228,0.18276496215387394,0.11744889031820038
11.989655630868608,16.096839912973607,0.7448453047734716,2.91919105824093,2.1743457534674584,0.24347580515366687,0.18135181029464936
9.533203806476518,16.849502199827185,0.565785486919269,1.3030091576282155,0.7372236707089465,0.13668113931887174,0.0773322049622083
11.51905474888319,14.391768689430231,0.8003918765970126,4.009816148519704,3.2094242719226913,0.34810288135043965,0.27861871845290564
11.094785033509366,16.27905219054201,0.6815375307879006,2.1400874409913255,1.458549910203425,0.19289129393022583,0.13146265617568928
10.562571418484659,15.008115931232744,0.7037906334734093,2.3759904750015055,1.672199841528096,0.22494432282308516,0.15831370745590617
11.489570122162752,13.33365742602384,0.861696813939294,6.23049141876649,5.368794604827196,0.5422736753874031,0.46727549836447624
10.643343992002144,14.085520601126966,0.7556230467726257,3.0920389046244288,2.336415857851803,0.2905138560726701,0.21951896505529503
8.729693055498384,16.560707098041767,0.5271328696182684,1.114758958172309,0.5876260885540405,0.1276973830678021,0.0673134879792738
10.354221177746656,13.876614981946823,0.7461633252214084,2.9395410488742315,2.193377723652823,0.2838978420889741,0.2118341578762912
8.146111711102687,15.449743321216825,0.5272651811577862,1.115350848175567,0.5880856670177808,0.13691818719542076,0.0721921927753892
11.166671068034965,15.746210340279148,0.7091656231385642,2.438383078340278,1.7292174552017134,0.2183625776638344,0.15485523345911625
8.708134593642797,16.83970775380764,0.5171191044971545,1.070904045517591,0.5537849410204366,0.12297743380073428,0.0635939804403938
10.289923355776166,15.705184128237127,0.6551927867738528,1.9001713468915584,1.2449785601177057,0.18466331392302476,0.12099007126412141
8.058521869561277,15.625666994607695,0.5157233846300586,1.0649355518355865,0.5492121672055279,0.13215023413388885,0.06815296602718386
9.736554978486913,13.562721142320758,0.7178909657078493,2.5447287340837335,1.826837768375884,0.26135822574887685,0.18762670907855128
9.1691821708669,15.963669580869805,0.5743780979941395,1.3495031512411004,0.7751250532469609,0.14717813716569572,0.0845358984915529
9.06800898260398,15.638704605117475,0.5798439967743008,1.3800683372904716,0.8002243405161709,0.15219088776135836,0.08824697263217504
8.237864198166623,14.047028311957426,0.5864488926212389,1.4180808179631472,0.8316319253419083,0.17214180567321663,0.10095237131087838
10.616294411933508,14.915801947726134,0.7117481479801981,2.469188464854351,1.7574403168741528,0.23258477666923016,0.16554178404271255
10.480964797132911,16.956650236825975,0.618103496312653,1.6185104873824279,1.0004069910697748,0.15442380722671398,0.09544989516074304
10.021795363548222,14.889008386525578,0.6731002564695886,2.059041861582159,1.3859416051125706,0.2054563864945207,0.1382927464427768
11.359581550583663,13.34065955738749,0.8515007449008178,5.734040513079364,4.882539768178546,0.5047756810007448,0.42981686837995176
11.679510095591967,15.989567917880333,0.730445635277696,2.7098267766140762,1.9793811413363802,0.23201544880181302,0.16947467189428006
10.986122041139927,14.124987100622704,0.7777792618766781,3.5000300532034405,2.722250791326762,0.3185864893997004,0.24778996456918112
9.797577889833331,15.780568253411833,0.6208634399280931,1.6375720658813289,1.0167086259532359,0.16714049985564197,0.10377142569167484
10.499531070935632,15.13359664870998,0.6937895408908387,2.2657277707274814,1.5719382298366429,0.21579323451876584,0.14971508910412365
9.571854752189093,14.70650284736926,0.6508586610651175,1.8641695739916593,1.2133109129265418,0.19475531359952172,0.1267581826447018
9.299349415222242,16.86406612279563,0.5514298477905071,1.2293057063078425,0.6778758585173355,0.13219265686431503,0.07289497665371197
9.954245130444894,16.776382122897736,0.5933487361889874,1.459109534366874,0.8657607981778866,0.14658163579920408,0.08697402834997217
11.147633015524663,14.456922687146946,0.7710930781580208,3.36858786074773,2.5974947825897097,0.3021796515956789,0.23300863770563035
9.306586736536676,15.967241832824868,0.582854999878848,1.3972479586464388,0.8143929587675908,0.15013538241265093,0.08750715829793645
11.687271651266112,15.95285753165198,0.7326130524313565,2.739898334952496,2.0072852825211394,0.2344343844061908,0.17174968995468545
8.201998844972241,15.233625167713857,0.538414117104283,1.1664440726102607,0.6280299555059777,0.14221461068911043,0.07657035405350672
9.976707878933706,13.112506595365456,0.7608543649815908,3.181552383019748,2.420698018038157,0.3188980194296104,0.2426349500670032
10.481097752594327,16.24353902580676,0.645247180183,1.8188641333868807,1.1736169532038807,0.17353756031296128,0.11197462144777555
9.562770249117833,15.346858456672473,0.6231093012368373,1.6532891453190193,1.0301798440821819,0.17288809646676762,0.10772818098157447
11.216678253438445,15.355216030569114,0.7304800030887432,2.710299834743853,1.97981983165511,0.24163123640575296,0.17650678631601127
9.996434602331663,16.095904710864318,0.6210545341750395,1.6389021381295856,1.017847603954546,0.1639486680328317,0.10182106365374848
11.353447992196461,13.229803912224803,0.8581720536088578,6.050796584490734,5.192624530881877,0.5329479281227706,0.4573610179437041
8.19410306195202,15.18357254285988,0.5396689770356662,1.1723497876819817,0.6326808106463155,0.14307237519693847,0.0772117223645948
8.422439720510262,13.18136242563978,0.6389657949262756,1.7698206595017683,1.1308548645754928,0.21013159111034233,0.13426689915294301
9.707711312930934,16.85339980615,0.5760090797459441,1.3585410730041074,0.7825319932581634,0.13994452752158934,0.08060931851319163
11.502917095257324,15.589444732584033,0.7378657349619825,2.8148389332274792,2.0769731982654966,0.2447065305189449,0.18056056399135806
9.680963194471015,13.880057061404678,0.6974728671246032,2.305488636656847,1.6080157695322437,0.2381466172677483,0.16610080394176197
9.622870064471112,13.866915908141818,0.6939445027442,2.2673812722409754,1.5734367694967752,0.23562422198886818,0.16351013356255412
10.169451327994594,14.57151033407206,0.6978996064818151,2.3101578861061802,1.6122582796243652,0.22716642339855136,0.1585393574957304
10.81302315968918,13.270732831428496,0.8148022642789681,4.399634051176119,3.5848317868971513,0.4068828842962162,0.33152909542091435
10.966815206995822,14.207231607806268,0.7719178169074139,3.38438455139684,2.612466734489426,0.308602314119227,0.2382156246074897
8.375890632708956,15.48218798711692,0.5410017395266563,1.1786574941890764,0.6376557546624201,0.14072025840288122,0.0761299045825993
11.805159964103687,14.01381330963412,0.8423945505245141,5.344958269704632,4.502563719180118,0.4527645780283546,0.3814064132016171
9.467793536059714,16.156786946973426,0.5859948247837279,1.4154287430769679,0.82943391829324,0.14949932502077332,0.08760583077083364
10.275309192445926,16.528570062667214,0.6216695790069937,1.6431921529738305,1.0215225739668368,0.15991656525351589,0.09941526379739765
10.48833087646555,14.691152572992628,0.7139215813296157,2.4955450489685016,1.781623467638886,0.23793538536891318,0.169867206576846
9.134496448397396,16.54863409841956,0.5519788759647399,1.232037612407977,0.6800587364432371,0.13487745267273404,0.07444950471928315
8.947388365585578,16.621728058552147,0.5382947148495792,1.1658838054543952,0.6275890906048159,0.1303043701488073,0.07014215377290625
9.614852620765136,14.013667510771125,0.6861053762960345,2.1857825030577827,1.4996771267617481,0.22733395812403429,0.15597505088355748
8.236947980858055,15.308347900369947,0.5380690349125785,1.164825646210463,0.6267566112978844,0.14141471439632927,0.07609087889767081
9.391716676087315,16.152071779179245,0.5814558531242825,1.3892342240708482,0.8077783709465657,0.14792122377456743,0.086009661365029
11.700175702790924,16.37155978527111,0.7146646902463833,2.504648621523523,1.7899839312771395,0.21406931700402343,0.15298778212793523
11.811278187336377,13.845114765173715,0.8531007786982531,5.80738802519512,4.954287246496867,0.4916815888242807,0.41945394629758814
9.026629280830146,16.002139046637495,0.5640889167705925,1.294045823729902,0.7299569069593095,0.14335869829927184,0.08086705283327843
9.92146639087182,14.60549320172402,0.6792969093094849,2.118148932855219,1.438852023545734,0.21349151923792312,0.14502412918210764
11.375367072697175,13.128316143681943,0.8664757115992837,6.489274138641547,5.622798427042263,0.5704672295118207,0.4942959986353267
10.848226471742054,15.116781567358395,0.7176280495556399,2.541428241814849,1.8238001922592089,0.23427131139222387,0.16811966426124356
10.859968662219146,13.777169177617488,0.7882583513500254,3.7227364402601673,2.934478088910142,0.34279439987807997,0.2702105484999167
9.722385725916677,13.445652033249202,0.7230877090880077,2.6112517675057547,1.888164058417747,0.268581379212822,0.1942078941986969
11.307344010693328,15.971274997113213,0.7079800462228041,2.4244235267668577,1.7164434805440536,0.21441140593883817,0.15179899708727507
8.836961256106154,15.431908311787609,0.572642156599393,1.3399593933803056,0.7673172367809126,0.15163124003224773,0.08683044029990655
8.093440908840286,13.582401112491496,0.5958770354232059,1.4744943684336786,0.8786173330104727,0.1821838677815169,0.10855918303558361
8.920380779002546,14.428631395012662,0.6182416429382156,1.61945804591295,1.0012164029747344,0.18154584272063257,0.11223920007220677
8.021931798790712,16.849495940128055,0.4760932806117965,0.9087367330729381,0.4326434524611416,0.11328153316012086,0.053932576754935964
8.799440893877644,15.875143438421835,0.5542904810913889,1.2436137384919557,0.6893232574005668,0.14132872230066576,0.07833716547606732
10.704904066616244,14.643436193890182,0.7310377103348702,2.7179933337310787,1.9869556233962085,0.2539016993349124,0.185611716931927
9.533406493505627,14.415753060249738,0.66131865977874,1.9526279757446976,1.2913093159659574,0.2048195445221886,0.13545098667990574
11.106466933942677,15.001965625371989,0.7403341142949247,2.8511027248908056,2.1107686105958807,0.2567065423998606,0.19004861070131332
9.068626606261061,14.087893049332514,0.6437177351151692,1.8067633406429944,1.163045605527825,0.19923230044509593,0.12824936520430205
11.867243733975982,13.791617904451366,0.8604678447584982,6.166806807142079,5.30633896238358,0.5196494607662332,0.44714165153543645
9.334493656831755,13.87665089726593,0.6726762621570958,2.0550793736809276,1.382403111523832,0.22015970541442817,0.14809620771578488
9.339956591084272,16.498872708351875,0.5660966513400824,1.3046607109358228,0.7385640595957405,0.1396859501661094,0.07907574862829216
10.518843385165333,14.088706292099147,0.7466152794358578,2.9465678821263355,2.1999526026904777,0.2801228019310435,0.20914396404010147
9.587383672112113,16.291982787671444,0.5884724896325774,1.4299712043726398,0.8414987147400624,0.14915134861371573,0.08777146545076976
9.903455190779257,16.098462245248903,0.6151801979535055,1.5986188722148416,0.983438674261336,0.1614203165884223,0.09930258231258315
9.208469564055767,15.960840838817766,0.5769413815380071,1.3637386318601588,0.7867972503221516,0.1480961219857163,0.0854427812188604
10.30694902776425,16.012932387876344,0.6436640571571896,1.8063405336607523,1.1626764765035627,0.1752546295508922,0.11280510589230755
11.118214070831511,16.566748526740053,0.6711162454651755,2.0405880078035685,1.3694717623383932,0.18353559256940594,0.12317371779440588
8.838166523138456,14.474445230405827,0.6106048544487571,1.5680854305062308,0.9574805760574737,0.1774220282454465,0.10833475173281414
9.667447930740858,16.179970391146142,0.5974947850356384,1.4844398602103612,0.8869450751747229,0.15355033415696942,0.09174552389926888
11.424091294384695,13.02303477338615,0.8772218989794104,7.144774936959664,6.267553037980253,0.6254129762138323,0.5486259586406628
8.071805409088883,16.16068783844074,0.49947164933715404,0.9978888282266278,0.4984171788894738,0.12362647235065916,0.0617479180467178
8.719395007714754,16.305397595868936,0.534755129793576,1.149405751763176,0.6146506219696,0.13182173198326302,0.07049234739632382
9.6984629007132,16.74595369355162,0.5791526166973575,1.3761582931855216,0.7970056764881641,0.14189447413201142,0.08217855598844992
8.880929545512227,13.542455218318734,0.6557843022068176,1.9051551292144648,1.2493708270076471,0.21452204067728373,0.14068018675353502
9.87385434295366,16.77789143202132,0.5885038881649328,1.4301566193189514,0.8416527311540186,0.14484279083370954,0.08524054557829816
11.786574449338618,15.577990002905757,0.7566171532489154,3.1087529928628537,2.352135839613938,0.26375373152097603,0.1995605975021796
9.888554637070484,14.560774373881237,0.6791228531642062,2.1164575285622993,1.4373346753980931,0.2140310294315476,0.1453533633732248
8.431294466877807,16.769242792138876,0.5027832545206066,1.0111953370272078,0.5084120825066012,0.1199335808990744,0.060300596130747085
9.98599143636319,15.322707238979412,0.6517119514598465,1.871186663428423,1.2194747119685765,0.18738116043387004,0.12211854173316801
10.293884293134884,16.32378586157765,0.6306064279711157,1.7071396898097784,1.0765332618386627,0.1658401863860361,0.10457988755096226
11.278699777988352,15.210354354936468,0.7415145968856333,2.8686904094060215,2.127175812520388,0.2543458435700711,0.1886011556643976
8.464267078452078,16.146627064578784,0.5242127067528753,1.101779543491504,0.5775668367386287,0.13016833392419305,0.06823589465991338
11.970080405057146,15.26033027706802,0.784391961885963,3.6380460058316166,2.8536540439456535,0.3039282847502517,0.23839890354788557
10.9561661499257,16.720545185442226,0.6552517294391038,1.9006671980486713,1.2454154686095675,0.17347922366635166,0.11367256132913003
11.039569828795424,16.163602783864395,0.682989428558333,2.1544689360115226,1.4714795074531897,0.19515877605953838,0.13329138093904783
10.40076082501558,15.98765933444415,0.6505493147835569,1.861634108345271,1.2110847935617142,0.17899018539756512,0.11644194246336782
10.91152751871081,15.8064769213046,0.6903200234331673,2.2291400015143954,1.5388199780812282,0.20429220360686648,0.14102699878110544
11.353870122263606,15.082329733135937,0.7527928591376112,3.0451905900107614,2.2923977308731502,0.26820727709748066,0.20190452296772599
10.667651679764894,16.194289480427265,0.6587292201154009,1.9302244989686799,1.271495278853279,0.18094183770829872,0.11919167563983506
9.254072207639382,13.834056534330735,0.6689341036502476,2.020546697880221,1.3516125942299735,0.21834135854399625,0.14605598096740546
9.477955052960516,14.246135446638728,0.6653000800435861,1.9877509386026277,1.3224508585590415,0.20972360888984568,0.13952913378144408
9.964111603000543,15.78654176754428,0.6311776036652857,1.7113320935436862,1.0801544898784003,0.17174959110537705,0.10840449534438454
9.665633154179325,13.931244767098248,0.6938097288339145,2.265943088889242,1.5721333600553273,0.23443297016807121,0.16265187546203863
11.357474124988109,16.14231317696248,0.703584052699271,2.373637650424555,1.6700535977252842,0.2089934455762663,0.147044455426134
8.40571628133636,15.711197671540841,0.5350143545429652,1.1506040235222725,0.6155896689793073,0.13688351890689163,0.0732346475155404
10.8082903766196,16.317453948083365,0.6623760306606616,1.9618750172175192,1.2994989865568576,0.18151575770590234,0.12023168709159798
9.678703687390009,16.616118987401713,0.5824888287528737,1.3951454927851414,0.8126566640322678,0.1441459040225418,0.0839633788036145
10.301111696736658,14.656793695991002,0.7028216341445993,2.364982498378008,1.662160864233409,0.229585171775899,0.1613574256029059
9.742833929476895,16.664794761710358,0.5846356987163375,1.407525145780584,0.8228894470642465,0.14446773453893366,0.08446099492413585
9.31813459989905,14.38623795562609,0.6477116970149216,1.8385841696320988,1.190872472617177,0.1973124717099512,0.12780159589346118
8.9685751187241,14.351557043103448,0.6249200063650162,1.666097944357888,1.0411779379928718,0.18577064052008663,0.11609178985624567
8.867142037970005,16.673374317132932,0.5318144887360001,1.1359054817826715,0.6040909930466714,0.1281027727895424,0.06812691061673448
11.031814049740028,16.915505853276905,0.6521716906032061,1.8749816302594993,1.222809939656293,0.16996131568259026,0.11084395858586008
9.844249402035054,13.953293809986851,0.705514377901882,2.395751523878526,1.690237145976644,0.24336558594129726,0.17169791996810133
11.149914612308674,13.65584773173378,0.8164937711188914,4.449406301340799,3.632912530221908,0.3990529484798912,0.32582424678045907
10.027452596199613,14.182965571947642,0.7070067642293949,2.4130480772700698,1.7060413130406749,0.24064417698515084,0.17013706090091732
8.839319976090644,16.957733308821613,0.5212559848132725,1.0887989578521704,0.5675429730388979,0.12317677839440679,0.06420663292810273
11.328430997886752,14.795134977846086,0.765686221507928,3.26778146140405,2.502095239896122,0.2884584336536661,0.22086864812637091
9.222991571710711,13.67634939928803,0.6743752519360792,2.07101965052023,1.3966443985841508,0.22454966313452787,0.15143073564850895
11.968475405748556,16.867124894002252,0.7095741260565636,2.4432193882104345,1.733645262153871,0.20413789604621957,0.14485096918202187
9.800115083941572,15.234786758902597,0.6432722189704938,1.8032579831994822,1.1599857642289884,0.18400375584918316,0.11836450432400904
11.805570309351541,16.211569165751953,0.7282188533785868,2.6794310879591077,1.9512122345805207,0.22696329086589329,0.1652789474333915
8.953164551066505,15.729480475613592,0.5691964566119754,1.321243674403347,0.7520472177913715,0.14757281259238775,0.08399792201985021
11.80422709188288,16.540145228012246,0.7136713087555812,2.4924896825877982,1.778818373832217,0.21115229851023,0.15069333722454498
10.290600013431764,16.534665228228533,0.622365186799386,1.6480609441819707,1.0256957573825847,0.16015207490630728,0.0996730760153732
9.286474685284412,14.848080724547396,0.6254326641645791,1.669746943549249,1.0443142793846698,0.1798041775955275,0.1124554058214919
9.916536600969211,14.902707744794034,0.6654184441369964,1.9888079078975167,1.3233894637605204,0.20055468838819562,0.13345278871165325
8.53269554633175,15.395823241719734,0.5542214542454461,1.243266324778674,0.6890448705332278,0.14570616261037939,0.08075348133444792
9.340856325925273,14.354395160104055,0.6507314464831524,1.8631263534344016,1.2123949069512492,0.19945990907314878,0.12979483514656817
8.650324843666017,14.753785417809237,0.5863122309766172,1.4172820056071738,0.8309697746305565,0.1638414777735131,0.0960622623598943
11.611434796799049,13.853845183957821,0.8381380506723585,5.178104268198306,4.339966217525947,0.4459487013289491,0.37376657523171514
11.083952380223764,16.394667192286647,0.6760705935792667,2.0870923731486033,1.4110217795693365,0.18829856909818923,0.12730312538033933
10.431874455483419,14.47104248515177,0.7208792639636847,2.582679001928019,1.861799737964334,0.24757573655139775,0.17847221474043873
8.068759657758552,16.80958970308,0.4800093161274557,0.9231113768282654,0.4431020607008097,0.11440561077323,0.05491575898840201
11.283800795327197,13.42656445243098,0.8404086417865577,5.266003442758912,4.425594800972354,0.46668702667452694,0.3922078102269462
9.80441287211492,16.5573364152626,0.5921491613274937,1.4518767774386614,0.8597276161111677,0.14808401037128863,0.08768782254737044
8.689015206702322,14.970683429766702,0.5804020402586075,1.3832337045116287,0.8028316642530212,0.15919338056223717,0.09239616287398741
8.099492245296318,16.35450019493109,0.49524547670412283,0.9811610472954981,0.4859155705913753,0.12113858715838582,0.05999333734451871
8.263567070923541,15.146032101223163,0.5455928665472848,1.2006696778761248,0.65507681132884,0.14529677892986922,0.07927288611643449
10.542877634620389,16.84698593393545,0.625802008499545,1.6723820616733165,1.0465800531737715,0.15862671650305396,0.0992689177892991
11.53265661080545,16.35964217153348,0.7049455293632764,2.389204704616111,1.6842591752528349,0.2071686329737383,0.14604260163913826
9.791640264120858,16.389909564281496,0.5974188097693818,1.4839709958310547,0.886552186061673,0.15155489333781128,0.09054174399260081
10.36173590011482,16.592033831241505,0.6245006492576263,1.6631204502030945,1.0386198009454684,0.16050596794159416,0.10023608118924932
11.58520474668339,13.008077142689523,0.890616239402779,8.142124887095955,7.251508647693176,0.7028037108646595,0.6259283980086011
10.32819615729509,15.779938924083424,0.6545143303141778,1.8944760600617103,1.2399617297475325,0.18342758321099367,0.12005598178649166
11.468754091227119,14.0866674699094,0.8141566566915547,4.380876076579692,3.566719419888137,0.38198360883252247,0.3109944978780611
9.23351523789517,13.821524963319796,0.6680532909646006,2.0125317491650696,1.344478458200469,0.2179594333591891,0.14560851675238584
9.464589544880129,16.651524128592207,0.5683917863487675,1.3169160557450954,0.7485242693963279,0.139141380563881,0.07908681785373801
9.956157658975172,15.547484941940578,0.6403709472081651,1.7806429770812562,1.140272029873091,0.17884841101085425,0.11452932636569597
8.396040186692627,16.68376086165901,0.5032462558239843,1.0130698796417488,0.5098236238177645,0.12066043719602751,0.060721913244985846
11.385101649798422,15.811287599973532,0.720061638105772,2.5722149448664706,1.8521533067606986,0.22592814925916913,0.16268219324976266
9.394829731527851,16.707426335289036,0.5623145984899129,1.2847460677231513,0.7224314692332383,0.13675033017487345,0.07689670700564699
8.495754152095094,16.037788161421684,0.5297335309947117,1.1264539700549108,0.5967204390601991,0.13259022682255017,0.07023748903009923
10.020728293680957,15.648495471904114,0.6403636893829533,1.7805868608880122,1.1402231715050588,0.1776903642832872,0.11378645724024673
9.027149163592446,13.455808719851952,0.6708737729211542,2.038347958093413,1.3674741851722587,0.22580195819897492,0.15148461162993107
9.96476174021761,16.704553132882086,0.5965296803182641,1.4784970572031586,0.8819673768848945,0.14837254474795614,0.08850862668650562
10.776467821824852,14.741696395037724,0.7310195199415701,2.7177418962995854,1.9867223763580153,0.2521922712742227,0.18435747307985653
9.377723760905276,16.890239985891085,0.5552155427476912,1.2482800010089814,0.6930644582612902,0.1331111933807356,0.07390540347867801
11.101055935629836,13.435999840884215,0.8262173315788967,4.754313759165208,3.9280964275863113,0.4282758132859966,0.3538488996329379
9.449805848886395,16.95566972857255,0.5573242461170508,1.2589897712455616,0.7016655251285108,0.1332291680250686,0.07425184563037324
10.470034162980436,13.558504589786097,0.7722115734553596,3.390038665129578,2.6178270916742186,0.32378487141101725,0.25003042501334294
9.243066671459147,13.122329633563258,0.7043769612232542,2.382686289058814,1.6783093278355596,0.25778092636896166,0.18157494557708467
9.902876106479244,15.224953480301604,0.6504371996467387,1.8607162975849254,1.2102790979381868,0.1878965542512945,0.12221490857048353
8.628145729874657,13.252309840333957,0.6510673108181138,1.8658822489363713,1.2148149381182576,0.21625530065814935,0.14079675704966396
10.932474763953387,14.631969496611582,0.7471635835821753,2.95512645752521,2.2079628739430346,0.2703071830788824,0.20196368357722091
8.416049705620045,16.36247573612699,0.5143506301456635,1.059098728574353,0.5447480984286894,0.12584273686823774,0.06472729100743299
10.213075739348614,14.292974852786056,0.7145521379937104,2.503266736599225,1.7887145986055146,0.24510409992894877,0.17513965863525438
10.622161771800123,14.100115028533258,0.753338660734676,3.054141613673552,2.300802952938876,0.2875254283720037,0.21660402113692928
8.131563564535602,14.994461895687389,0.5423044602136974,1.1848585207251496,0.6425540605114523,0.1457110322414134,0.07901974268686035
8.594642710989426,13.996924914446044,0.6140379235812723,1.5909281276513463,0.976890204070074,0.18510695338354521,0.11366268929608747
9.048418690936533,16.16223994904356,0.5598492980839574,1.2719491202600581,0.7120998221761007,0.14057142620225152,0.07869881428999133
11.880744745981858,16.06192520625969,0.739683729902544,2.841480978602009,2.101797248699465,0.2391669074081417,0.17690787014091064
10.996285289888768,14.82405014070148,0.741786838651938,2.872769284025906,2.130982445373968,0.2612490680527774,0.19379112029163476
11.872902779959896,15.117196112918458,0.7853905374564706,3.6596267850825503,2.87423624762608,0.30823353420021116,0.24208370108761124
11.937275090327109,15.47056063107727,0.7716123141877292,3.378519780711716,2.6069074665239866,0.28302269614690906,0.21838379754156703
9.991447840357933,16.079416900917387,0.6213812293024062,1.6411791421685986,1.0197979128661925,0.16425839061476852,0.1020670806834397
9.22923496159461,13.917523126299741,0.6631377492848752,1.968572459149401,1.3054347098645258,0.21329746911213912,0.14144560359518416
9.097520848698503,13.56992857950601,0.6704177398868582,2.0341438876495093,1.3637261477626512,0.22359320978533567,0.1499008543583329
8.473511345942068,14.24534225851653,0.5948267996773617,1.468080315291591,0.8732535156142294,0.17325524866319428,0.10305686508963337
11.692443238267288,15.141387222310659,0.7722174373189933,3.390151678995854,2.6179342416768607,0.2899438218267753,0.2238996750575472
10.880548197994305,15.452336005442357,0.704136138002833,2.3799328963318116,1.6757967583289786,0.2187328113458955,0.15401767703560112
9.919650671734306,14.62924102339046,0.6780700827796832,2.1062661359168966,1.4281960531372135,0.21233269251291553,0.14397644638906568
8.733497552254267,16.990390874336903,0.5140256993996388,1.0577219798755275,0.5436962804758887,0.12111092646983238,0.06225412868359381
8.526061785785101,13.483318484766164,0.6323414963028641,1.719915328882926,1.0875738325800621,0.20172447398286733,0.1275587557192345
10.442779049512092,13.889636500431749,0.7518396215183519,3.0296521391465876,2.2778125176282358,0.29011933746583857,0.2181232128754711
10.452656561853997,15.441597593050483,0.676915487459551,2.0951653860994144,1.4182498986398633,0.20044333932729852,0.13568320074875845
8.246617672856974,15.121143995939134,0.5453699584549719,1.1995906750939087,0.6542207166389368,0.14546456773936026,0.07933200526468535
8.960447812074007,13.219856257031921,0.6778022119043658,2.103683628340682,1.425881416436316,0.23477438543930967,0.15913059774925223
11.980741672885934,15.89578770604885,0.753705440361844,3.0601790046404242,2.3064735642785803,0.2554248383108059,0.19251509023839877
10.298118022070417,16.202227228414372,0.635598913463593,1.7442289195811462,1.1086300061175534,0.16937356086257713,0.10765365125371378
9.1375096119652,16.822554619518204,0.5431701557005791,1.1889988416443478,0.6458286859437686,0.13012285536612753,0.07067885160942343
10.174409952732397,14.386198792914207,0.7072340719873627,2.4156980178268377,1.708463945839475,0.23742880708065905,0.16791774203875648
11.471894284757651,15.791914380306464,0.7264410133241251,2.6555187316322586,1.9290777183081333,0.2314804046931084,0.16815685974994024
10.961288486333187,16.05095712004241,0.6829055989842571,2.1536349957511627,1.4707293967669055,0.19647644512197354,0.13417486444231883
9.502283363553369,14.044024945910184,0.6766068417103294,2.0922113667731868,1.4156045250628573,0.22017985432827658,0.1489751958452956
10.635342693641018,13.549689774366627,0.7849141102670125,3.6493054530049496,2.864391342737937,0.3431300295745907,0.26932760186943355
9.345064416993358,16.98560715617499,0.5501754709778526,1.2230890835896686,0.672913612611816,0.13088075469716026,0.07200738085744694
9.476896653387033,16.731122360398214,0.5664232470033455,1.3063967177403442,0.7399734707369987,0.13785068736329834,0.07808183393796247
11.76510171737072,16.109860967625988,0.7303043608516301,2.707883461363132,1.9775791005115018,0.23016235017883832,0.1680885680394656
9.751280160490474,15.485541973854298,0.6297022201066311,1.7005292883148273,1.0708270682081962,0.17439036314482154,0.10981399883749574
11.335489735637491,15.286553805089095,0.7415333684864771,2.868971379958114,2.1274380114716367,0.2530963766777887,0.1876794087496029
8.345654026508672,14.620388411471875,0.5708230035776793,1.3300410048444804,0.7592180012668011,0.15936929575798517,0.0909716600826326
11.28129629122741,13.910880275815245,0.8109692605751558,4.290144888829498,3.479175628254342,0.3802882911749788,0.30840211429956216
9.729626337372137,14.833123395765035,0.6559391490095752,1.906462612998158,1.2505234639885827,0.19594407296766467,0.12852738847588005
9.241344987362172,15.929588165155803,0.5801370940384123,1.3817298118054937,0.8015927177670814,0.14951609464802498,0.08673983266107742
9.29825557298705,14.56171384895027,0.6385412918725462,1.7665677365487356,1.1280264446761894,0.18998915685657242,0.12131592166097158
8.771246806494185,15.038104010086872,0.5832681301187194,1.3996244882467999,0.8163563581280805,0.1595696163982668,0.09307187178037843
9.039101569426588,15.575003354471612,0.5803595263323937,1.3829922582541256,0.8026327319217319,0.1530010751214358,0.08879563148582346
11.561124458402308,16.418868681841012,0.7041364836049097,2.379936844476017,1.6758003608711074,0.20585686565689934,0.1449513295095774
11.636843371913294,14.431778204685104,0.8063346877196,4.1635472983005934,3.3572126105809934,0.35779009523748845,0.2884985647124862
10.081680547320516,13.473844435997592,0.7482408302403766,2.9720499593114633,2.223809129071087,0.29479707726916293,0.22057920984831494
11.796434581965649,16.858827854836687,0.6997185500403179,2.330209042664031,1.630490492623713,0.19753502861164907,0.1382189238023158
10.68144697550331,14.011243339097883,0.7623482596792183,3.2078379003250825,2.445489640645864,0.30031866540946145,0.22894741192408838
10.092232562353534,15.481985788960356,0.6518693854860621,1.8724850912529085,1.2206157057668463,0.18553725151337974,0.12094605412879979
11.523665707062438,15.029280032259493,0.7667476873361563,3.287202937366671,2.5204552500305146,0.2852567074513506,0.21871992073544955
8.889063924944486,13.171408427922897,0.6748757335699954,2.075747039679329,1.4008713061093334,0.23351694365189218,0.157594918648094
10.601072318191488,13.656532819475967,0.7762638188130006,3.4695497826710318,2.693285963858031,0.3272829086089026,0.254057880468973
9.869886547396593,14.965622743167032,0.6595038988205795,1.936891190636751,1.2773872918161715,0.19624249795937623,0.12942269251849825
10.83549982735691,13.81033464506326,0.7845935747277669,3.6423870538503604,2.8577934791225936,0.3361531181657398,0.2637435766375432
8.913161113837251,16.773662073160356,0.531378364185556,1.1339176930276458,0.6025393288420898,0.12721835480649996,0.06760108127145562
9.277798233869047,13.328562873095162,0.6960839155883094,2.2903819550576356,1.5942980394693262,0.2468669718098079,0.17184012836679988
11.384064174037128,15.070875915449495,0.7553684495781077,3.087780166848458,2.3324117172703502,0.2712370660989905,0.20488392208730913
8.059618051529407,15.040122587260946,0.5358744920307991,1.1545896160190345,0.6187151239882355,0.143256120654494,0.07676730088602983
10.829509359755594,16.210805504191725,0.6680426433439932,2.012435121407046,1.344392478063053,0.18582883624309124,0.12414158697337271
8.964185920268614,15.723487092213901,0.5701143688862492,1.326200104453812,0.7560857355675629,0.1479442881093292,0.08434516444577564
8.625181900791228,13.51420996519543,0.6382305678988686,1.7641915299257604,1.125960962026892,0.20453963176868456,0.13054344534155302
11.144753566072598,14.196899556497634,0.7850132010669801,3.651448391077978,2.8664351900109977,0.3276383250136544,0.25720041031119245
9.19911679473795,16.81762296290425,0.5469926882668885,1.2074698886740007,0.6604772004071122,0.13125932800034606,0.07179789268301456
9.632091076668779,16.741892826132386,0.575328678584901,1.3547622586516515,0.7794335800667505,0.14065089790660396,0.08092049523438627
10.084926169454711,15.249676904747979,0.6613206451813267,1.9526452846096671,1.2913246394283404,0.19362018638508743,0.12804502658031477
9.385826203868707,13.384306738990096,0.7012560595706213,2.3473482292652363,1.6460921696946151,0.2500950026432081,0.17538063607188026
9.377650568184775,14.123433224947666,0.6639781148694123,1.975996636681481,1.3120185218120688,0.2107134001543388,0.139909086212202
8.85952805738324,16.275682310720967,0.5443414222669715,1.1946256448746202,0.6502842226076487,0.13484077674758965,0.07339942019436613
8.138858882280537,16.074638499114332,0.5063167599525779,1.0255903358273661,0.5192735758747883,0.12601156386434262,0.0638017667323513
8.08058539677044,14.573024475900834,0.5544892489636017,1.2446147431317542,0.6901254941681525,0.15402531896132035,0.08540538343224172
8.401162261772251,13.709942947361068,0.6127787908402152,1.5825031696219805,0.9697243787817652,0.18836717114997686,0.1154274073712747
8.92656261058503,15.86434362177275,0.562680866186857,1.2866596100670005,0.7239787438801435,0.14413830566104943,0.08110386668006525
10.08676551576043,14.084230180138263,0.7161744296102812,2.5232907261558832,1.807116296545602,0.2501585589764406,0.17915716328708228
10.6730538392909,14.414896045061647,0.7404183704083905,2.852352732253297,2.1119343618449062,0.26724804120755774,0.19787535916573432
10.044815347200988,16.46095158527162,0.6102208183510213,1.5655551837567467,0.9553343654057255,0.15585703964115105,0.09510721027559076
8.692244769441292,16.63650841796195,0.5224801112748232,1.0941536124697875,0.5716735011949643,0.12587699052337156,0.06576822401559103
11.090143904451384,14.250134333079345,0.7782483761368788,3.5095498403982908,2.7313014642614117,0.3164566547229041,0.246281877655809
11.99543481516963,15.030858433745093,0.7980538748365316,3.9518157339762494,3.153761859139718,0.32944330863093985,0.2629135089918889
11.627914814259507,16.51536622985975,0.7040664222895802,2.3791366553832933,1.675070233093713,0.20460561445339437,0.14405594294856258
9.093629004824878,13.964291312685013,0.6512059080695576,1.8670210394487503,1.2158151313791927,0.2053108872660354,0.13369966277864515
8.533682932660454,15.785333646433143,0.5406083345339189,1.1767917774159844,0.6361834428820655,0.13789963685106224,0.07454969301088497
8.453200909895184,14.028699174715104,0.6025648425857597,1.5161337172738245,0.9135688746880648,0.17935616737785828,0.10807372076282434
10.738726127731633,14.71217652118539,0.7299209680000762,2.702619905718124,1.9726989377180477,0.2516704377755655,0.18369952955814375
10.226393975224818,14.288998849011255,0.7156830288311239,2.517201227520213,1.801518198689089,0.2461474918352023,0.1761635824958019
10.587349815118989,14.923097724795927,0.709460596611068,2.4418739363257553,1.7324133397146873,0.2306407154733568,0.16363049960253126
9.881042658227802,15.868352264813694,0.6226886379462293,1.6503310013163341,1.0276423633701048,0.16701992475886412,0.1040014094579788
8.09971379713696,16.163562001673746,0.5011094581935733,1.0044477018528197,0.5033382436592464,0.12401027085770192,0.062142719639941287
8.297487737792283,14.1717822459649,0.585493595214872,1.4125079575510548,0.8270143623361829,0.17023320819355398,0.09967045309020571
9.665115212670244,15.841545678797505,0.6101118797773716,1.5648383424172916,0.95472646263992,0.16190581363850742,0.09878066030587457
11.54349690957589,16.648535050479534,0.6933641233042542,2.261196996176129,1.567832872871875,0.1958849223843389,0.13581957747753903
8.540685101966213,13.010137226889075,0.6564638752859967,1.91090202182524,1.2544381465392433,0.22374106983353328,0.1468779297635561
8.340172209495085,13.474943901555612,0.6189392898720903,1.624253756479729,1.0053144666076386,0.19475062572815405,0.12053881399032891
8.628967176945133,13.772326632719484,0.6265438953825667,1.6776908655018383,1.0511469701192717,0.19442545452998028,0.12181608164273997
11.66507177299535,16.026492301629126,0.7278618148906839,2.6746037664589655,1.9467419515682816,0.22928309559574894,0.166886410084076
10.446945980054718,14.143848427514051,0.7386211775100938,2.8258646606253555,2.0872434831152615,0.2704967237334709,0.1997946085966388
9.233986878106519,15.42280911793844,0.5987227623381766,1.4920426731075895,0.893319910769413,0.16158163237649537,0.09674260127956703
9.434569952320809,14.086345181226545,0.6697670567447581,2.028165482651697,1.3583984259069388,0.21497169377103284,0.14398095862046012
8.431143273445024,16.131701950002945,0.5226443743862677,1.0948742328412029,0.5722298584549352,0.12986070777490533,0.06787096837237332
9.466030298429,16.52683470055618,0.5727672884699717,1.340644742343692,0.7678774538737203,0.1416269228048201,0.0811192685492628
8.387611143390375,14.332075485815643,0.5852335310186955,1.4109952823719574,0.8257617513532619,0.16822373596609247,0.09845017100059301
8.639893237329485,16.1683875903187,0.5343695027760762,1.147625651588486,0.6132561488124098,0.1328286843441606,0.07097959800738948
9.265910607911199,14.871505179500597,0.6230647467133088,1.6529755210755395,1.0299107743622307,0.17839320829020683,0.11115051913871227
10.31637148014076,13.293431133078208,0.7760503196552774,3.4652888026484963,2.6892384829932188,0.33590190207082526,0.26067677847487963
10.933961111533947,16.900664872792117,0.6469544952125647,1.8324960562862527,1.1855415610736881,0.16759672341921913,0.10842745359896074
8.295460383681002,14.725193820738065,0.5633515242426338,1.290171741159754,0.7268202169171202,0.15552744290091555,0.08761662201978997
9.737358445301801,15.045312465515329,0.6472021413726271,1.8344843245100466,1.1872821831374196,0.18839650761702942,0.12193062315686591
9.478006457505614,13.605830760112077,0.6966135787380278,2.2961264246447812,1.5995128459067534,0.24225837310191778,0.1687604722657793
10.011021266676742,14.50418296388786,0.690216146031936,2.228057199207972,1.537841053176036,0.22256043013557575,0.15361480234738703
11.962037728573122,14.40111842399072,0.8306325506389594,4.904322251841319,4.07368970120236,0.40999053531879515,0.3405514840896832
8.611449422627015,14.735551954903992,0.5843995154698718,1.4061569637739602,0.8217574483040884,0.16328923213311947,0.09542614814004244
11.944070372774252,16.120526526818512,0.7409230928595165,2.8598577196143298,2.1189346267548133,0.2394374472318242,0.17740473394939046
9.099743140000538,14.447968654163223,0.62982854945345,1.7014509047726993,1.0716223553192492,0.18697790460628308,0.11776402243802081
10.536640944370358,13.722734634594058,0.7678237045995352,3.3070719096244052,2.53924820502487,0.31386396547861367,0.24099219271408975
9.14775714626208,13.465502694045417,0.6793476154668412,2.118642019319178,1.439294403852337,0.23160234639426225,0.15733850175946743
9.882831954961985,14.359443479754571,0.6882461683766382,2.207659051992429,1.5194128836157907,0.22338324298674378,0.15374266106517395
9.638568068656191,13.760897325403889,0.7004316536002709,2.338136395310771,1.6377047417105004,0.24258130239430412,0.1699116227685498
9.253532874775512,16.281157176337775,0.5683584265265946,1.3167369907236537,0.7483785641970591,0.1422955976428189,0.08087490197793397
9.421261361316237,14.690204996790804,0.6413294684025437,1.7880740454092325,1.1467445770066889,0.18979136411086914,0.12171879465261731
10.245465778711152,14.377471871374924,0.7126055171848076,2.4795379166796496,1.766932399494842,0.24201319590875328,0.1724599386361053
11.697848764850757,15.128618707419472,0.7732264915311684,3.409686152284595,2.6364596607534265,0.2914797601529854,0.22537987229543935
10.06071502540294,16.219581771111432,0.6202820249855023,1.6335334795826295,1.0132514545971272,0.1623675330687746,0.10071366220380003
9.266003379280273,15.77353536066083,0.5874398584346328,1.4238890267143198,0.8364491682796871,0.15366808843371252,0.0902707601154207
11.301584368536808,14.652921707839841,0.7712853855275875,3.3722610481483675,2.60097566262078,0.29838834434016326,0.23014256920134135
11.300921031991194,16.970459635452528,0.6659172040563207,1.993269968228424,1.3273527641721032,0.17638119606231908,0.11745527292992923
8.503010375043862,13.365974283177746,0.6361683925836704,1.7485242612682301,1.1123558686845598,0.20563590824258055,0.1308190652041656
10.40463940962295,13.107465201507399,0.7937949290474855,3.8495412619134033,3.055746332865918,0.36998314985842506,0.29369074819063373
10.249650960335227,13.214724857221775,0.7756234860034826,3.4567944397938253,2.6811709537903425,0.337259722616034,0.2615865617440159
8.469865887709469,14.493703098845181,0.5843824611243986,1.4060582301347737,0.8216757690103751,0.16600714211721931,0.09701166227468842
8.706915403720583,13.776493802664577,0.6320124357067207,1.7174831353893756,1.0854706996826549,0.19725506172432453,0.12466765201586988
8.590441479200829,15.299086059879471,0.5615003043697178,1.2805032933093359,0.7190029889396181,0.1490614069614105,0.08369802537861036
11.101632835794751,15.695552098485468,0.7073107569670006,2.41659293535176,1.7092821783847594,0.21767905416219427,0.15396673657532237
9.466461056386049,15.47275321279728,0.6118149062544656,1.5760906745572418,0.9642757683027763,0.16649206764485822,0.10186232875825106
9.065537678432625,14.463860324881267,0.6267716553400168,1.679324907412955,1.0525532520729382,0.18524272547100593,0.11610488968315866
11.725546443565243,15.467784368699707,0.758062445407037,3.1332979565012358,2.375235511094199,0.26721978131950774,0.20256928088819973
10.610633139563904,13.921228998337085,0.7621908339293436,3.2050523809619946,2.442861547032651,0.30206042738498845,0.2302276890456183
8.787109458589576,15.697285296290364,0.5597852936180102,1.2716187930629124,0.7118334994449022,0.14471411777167284,0.0810088349074872
10.675950821507666,15.37093783902621,0.6945542902660008,2.273904226289055,1.5793499360230543,0.21299313422351757,0.1479352951721463
11.402067488955796,14.903902797614553,0.7650390400278748,3.2560261931115533,2.4909871530836787,0.2855645431203934,0.21846802393482448
8.123520060668062,14.968206300092955,0.5427183389781054,1.186836003362313,0.6441176643842077,0.14609873484632105,0.07929046270259801
8.667096427909925,16.862293475959852,0.5139927400899758,1.0575824323799865,0.5435896922900108,0.1220226913565127,0.06271877748348736
9.14480112331813,16.674729505569932,0.5484227567387796,1.2144605710822716,0.666037814343492,0.13280338792557717,0.07283240011039459
11.017858655355184,13.354889688986624,0.8250055906071078,4.714468270553888,3.88946267994678,0.4278933337252825,0.35301439250687094
8.082121765964445,16.407078112995602,0.49259970058671293,0.970830527999908,0.47823082741319506,0.12012074998526803,0.059171445476994426
8.32749793746926,14.238865699721872,0.5848427896634998,1.4087260803912407,0.8238832907277409,0.16916558742725485,0.0989352740660204
11.423240225279455,14.147994185279405,0.8074105824248231,4.192393292376265,3.3849827099514416,0.3670056139674418,0.296324216526632
8.497713148260393,16.29301835672109,0.5215554885049873,1.0901065347688164,0.568551046263829,0.12828234087802518,0.06690635896320174
9.853695970673197,13.032376459501982,0.7560935644618223,3.0999328197040295,2.343839255242207,0.31459594744247465,0.23786397126702474
10.87215715675972,14.51941073624682,0.7488015425872652,2.9809161660453083,2.232114623458043,0.2741789070066869,0.20530558851149747
10.014400092063259,14.075874776449846,0.7114584529281416,2.4657054075854106,1.754246954657269,0.2462159874698399,0.17517244553146696
10.607702207813356,14.522393307718655,0.7304376064636233,2.709716280824806,1.9792786743611825,0.2554479969119891,0.18658882344032035
11.775445983351823,15.094574046775517,0.7801111808032289,3.547752830966516,2.767641650163287,0.30128394593141905,0.23503497481761548
11.619278646502325,15.351939544829413,0.7568606307087588,3.112867459165625,2.3560068284568665,0.2679053970448218,0.20276704777762428
11.849729494620657,15.629692504528277,0.7581549983269038,3.1348797497651324,2.3767247514382284,0.26455285339536677,0.2005720681233419
11.174727699533182,14.787075274790435,0.7557091238038316,3.0934807536446365,2.337771629840805,0.2768282894064492,0.20920166403146126
10.212103861047634,15.064113535962695,0.6779093795773767,2.104716302163269,1.4268069225858921,0.20610016611673507,0.13971723574299014
10.342599341065862,14.192824448793939,0.7287203035858548,2.686232376467145,1.9575120728812903,0.25972507373473425,0.1892669345808341
8.895767865741963,15.534282527222393,0.5726539252876953,1.3400238335480532,0.7673699082603579,0.1506361062667283,0.08626235754369636
8.378043149732257,16.898520080509066,0.4957856137588984,0.9832833558260022,0.48749774206710383,0.11736432222331365,0.058187542526882685
9.029661089578058,16.148673349909153,0.5591580740983194,1.2683867872926098,0.7092287131942904,0.140468925102468,0.07854433363095707
10.463070684183894,14.936004232799354,0.7005267621180147,2.339196540807677,1.6386697786896625,0.2235669251803522,0.15661461421327258
11.966875439837175,15.327948060868254,0.7807225985054199,3.5604334654828405,2.7797108669774206,0.29752406828187766,0.23228376370693155
11.762408732873993,13.447702457524272,0.8746779436878958,6.979441364332408,6.104763420644512,0.5933683757159383,0.5190062307206436
11.409451082787323,14.98914748338528,0.7611807873285741,3.187267803180591,2.4260870158520174,0.2793532993001749,0.21263836430414193
9.746077726070238,16.34538940674407,0.5962585218097667,1.4768324633933796,0.8805739415836129,0.15153095480071244,0.09035162311789537
10.574954543108458,15.732145809393016,0.6721876768262972,2.050525954358693,1.3783382775323956,0.1939039970337263,0.1303398772934337
10.971944337357527,13.510642434951544,0.8120964188182128,4.321878346919587,3.5097819281013742,0.39390268616332264,0.3198869607961087
11.603885823764529,14.104321819318878,0.8227184527135882,4.640744991831689,3.818026539118101,0.3999302528750788,0.32902999883873885
11.673065160091523,15.314797804160904,0.7622082452123559,3.2053602779164185,2.4431520327040626,0.2745945674042041,0.2092982433660044
10.555175080090825,15.121146459007946,0.6980406617120564,2.311704170733133,1.6136635090210767,0.2190114472940833,0.15287889559167706
10.207068540484292,15.227037170170405,0.6703253184723174,2.0332932919388607,1.3629679734665432,0.19920443209274144,0.133531774383664
9.181881147687331,13.742717609590688,0.6681270334245633,2.013201136323027,1.3450741028984639,0.21925802609959705,0.14649221453244923
9.476812095387697,15.065210525048922,0.6290527490226973,1.6958010805185542,1.066748331495857,0.17894214462096275,0.11256404798983369
8.415583020932846,16.49936509691173,0.5100549609941072,1.041045260972573,0.5309902999784659,0.12370447280753886,0.06309608005264583
10.910484097782748,14.968042931820456,0.7289185464980347,2.688928132417403,1.9600095859193685,0.2464536044705709,0.17964460314989011
8.15153450878752,14.279056075276745,0.57087348532102,1.3303151070683148,0.7594416217472948,0.16319812001460682,0.0931654795705767
10.700700849422017,15.416595521193516,0.694102717731132,2.269071214307328,1.5749684965761963,0.21204884112145692,0.14718367691414025
10.429849151073304,13.111480862176705,0.7954745356919043,3.889366726940207,3.093892191248303,0.3729072847175325,0.2966382491668079
10.147500266412276,16.6594083182947,0.6091152862415103,1.5582990708044309,0.9491837845629205,0.1535648218667531,0.09353868042799386
9.847742541736173,16.067230829286146,0.6129085121367924,1.5833686127280207,0.9704601005912282,0.1607849317767471,0.09854645330930174
8.75028716419305,15.08614194193026,0.5800215322031803,1.3810744518544875,0.8010529196513072,0.1578319003639065,0.09154590067961274
10.219673700188585,13.318230556637705,0.7673447051939777,3.29820434920149,2.5308596440075126,0.32273088612805984,0.24764583667292728
11.470721178844162,13.256694935510719,0.8652776000839796,6.422670622133756,5.5573930220497765,0.5599186417310277,0.48448505855930524
10.616272871846192,14.969638962519266,0.7091869682647016,2.438635449150753,1.7294484808860515,0.2297073067533794,0.16290542846467895
9.937623747951369,15.286837288346382,0.6500771585713887,1.8577728619182257,1.207695703346837,0.18694336886131394,0.12152761404312598
8.387772274214168,15.191138061892211,0.5521490384749611,1.2328856827609849,0.6807366442860238,0.14698607001422093,0.0811582172275654
8.243161738372116,13.748518300460217,0.5995672812317663,1.4972984302483774,0.8977311490166111,0.1816412776760666,0.10890616701570358
