arrival_rate,service_rate,rho,ls,lq,ws,wq
8.463188333137133,13.984366253833183,0.6051892648919526,1.5328591932190776,0.927669928327125,0.1811207706695188,0.10961234605815
8.881786515041739,14.777637327140344,0.6010288599199555,1.5064469570389794,0.9054180971190239,0.16961080459294287,0.10194098851460279
10.606569954525458,14.0182188610559,0.7566275045106933,3.108927748755972,2.3523002442452787,0.29311339689316807,0.22177765802993013
9.706202351321577,16.114621435121656,0.6023227036638296,1.5146016863750382,0.9122789827112087,0.1560447259961372,0.09398928125447484
10.819139343536555,16.90121922114369,0.6401395782146676,1.7788551879054102,1.1387156096907427,0.1644174394489256,0.10525011033997089
9.360001579915727,16.338241836132514,0.5728891562380843,1.3413125997742867,0.7684234435362024,0.1433026039923343,0.08209650788788873
9.107767312718344,15.19462304489663,0.5994072564884946,1.4963008346936744,0.8968935782051798,0.16428843462043627,0.09847567986862513
8.048301369698867,14.68385468208296,0.5481054902783324,1.2129058408253808,0.6648003505470483,0.15070333292834467,0.0826013241812691
9.992490179556995,13.803136711955636,0.7239289436945129,2.6222558546428987,1.8983269109483858,0.2624226601700952,0.18997535917844113
11.753029338034068,14.125125284119285,0.8320654933409944,4.954702341374786,4.122636848033792,0.42156810800606415,0.35077227576489534
11.879198865868855,13.527898125453873,0.8781259849611927,7.205194517318382,6.327068532357189,0.6065387572574649,0.5326174436338491
8.047235893780037,16.321182217766538,0.49305471787577754,0.9725994801840544,0.47954476230827686,0.12086131101684335,0.0595912396055063
11.586606453590846,14.621182535500182,0.7924534438619177,3.8181960645720983,3.0257426207101803,0.3295353199287085,0.2611413991516439
9.628112554168737,13.297891700032089,0.7240330099955247,2.6236217961567907,1.899588786161266,0.2724959623598113,0.19729607183900133
8.030724095514698,16.388883039200515,0.4900104586936178,0.9608245248293009,0.4708140661356831,0.11964357303296455,0.05862660210162632
9.757644112793386,14.19167808799576,0.6875609813223592,2.2006245706198135,1.5130635892974542,0.22552826739546109,0.15506443684635465
10.756806043573945,14.356331491193258,0.7492726153734048,2.9883956093957833,2.2391229940223782,0.27781439930127155,0.20815872155285514
8.288408504009716,16.10778141693801,0.5145592859420172,1.059983785951164,0.5454245000091469,0.12788749317053708,0.06580569716674615
8.34635226071568,13.774314114337779,0.6059359610528922,1.5376586066363245,0.9317226455834323,0.18423121366129278,0.11163231750579616
8.987506312320171,14.722456800018678,0.6104624000193207,1.5671462781759684,0.9566838781566477,0.1743694216968401,0.10644597565903403
11.250903193617525,15.583531563685177,0.72197390865084,2.596784730337221,1.8748108216863808,0.23080677930020227,0.1666364725944788
11.391318190131097,13.298075732910663,0.8566140258879231,5.974182838959934,5.117568813072011,0.524450527958712,0.4492516781337591
11.050899337115997,14.872893995936577,0.7430227997412752,2.8913958086289338,2.1483730088876585,0.26164348442825597,0.1944070743339455
8.067471095517721,14.043022163466903,0.5744825438291586,1.350079851009706,0.7755973071805474,0.16734858235312539,0.09613883929642691
9.977657076468896,13.285613831049208,0.7510121250965887,3.016259829471315,2.265247704374726,0.302301412681821,0.22703202635787517
10.40254152477474,13.72541604751445,0.7579035483342268,3.130585116466524,2.3726815681322972,0.30094425569085287,0.22808671923890023
8.257384212396403,16.131697475750148,0.5118732374450521,1.0486481723841787,0.5367749349391266,0.126995201556674,0.06500544496080163
9.695757636580828,15.192228442285636,0.6382050976533449,1.7639969317252744,1.1257918340719295,0.18193492430853928,0.11611179613488522
9.156285925171225,15.384630389630464,0.5951580046630653,1.4700994746548908,0.8749414699918254,0.16055630925782818,0.09555637265395507
10.038869134021708,15.75377837302803,0.6372356457171702,1.7566104226997683,1.1193747769825981,0.17498090663883833,0.11150407103017602
8.157047926638757,15.151551535858118,0.5383638703491218,1.166208266143013,0.6278443957938913,0.1429694022434864,0.07696956073330376
8.368486237488465,16.932817995247557,0.49421698383796503,0.9771324224924853,0.4829154386545203,0.11676334222971017,0.05770642681960746
8.428859862625574,14.096415060019416,0.5979435073908759,1.487212663848688,0.8892691564578121,0.176442922066262,0.10550289967459567
9.577874706590638,14.663917747415843,0.6531593310579299,1.8831682370184266,1.2300089059604966,0.19661650363024674,0.128421903986081
9.995462161913043,16.297725936405737,0.6133041014995384,1.5860113952018198,0.9727072937022814,0.15867314282327005,0.09731488929133356
9.708023892724475,16.793666258258984,0.5780765047626304,1.3700979236470603,0.7920214188844299,0.14113046473586233,0.08158420577003296
8.301746286215746,13.741843072791797,0.604121750062247,1.5260291520366116,0.9219074019743646,0.18382025894605292,0.1110498165313849
10.234672041718664,16.709136440031738,0.6125195086203523,1.580775089965019,0.9682555813446667,0.15445293054056342,0.09460543311967931
8.875966320048015,16.61109653002167,0.5343395786067614,1.1474876413332216,0.6131480627264602,0.12928030593597545,0.06907958419598231
11.391571310415866,13.026423972542126,0.8744972015671915,6.967949818548295,6.093452616981104,0.6116759162256361,0.5349088770053666
11.388307283535802,13.502158466807238,0.843443462134741,5.3874687932908545,4.544025331156114,0.47307019903472186,0.3990079665066168
9.696604594496756,13.53304648340865,0.716513063513428,2.5274994057702105,1.8109863422567825,0.2606581903117588,0.18676499847014447
10.228212095680359,14.577542914708584,0.7016417070780977,2.351674894660153,1.6500331875820553,0.22992042721262368,0.1613217610415908
11.41390435477694,13.109004473202713,0.8706919261572549,6.73346915070536,5.862777224548105,0.5899356557940029,0.5136522124521237
10.312480104531257,16.819005919487868,0.6131444482448501,1.5849441618791191,0.971799713634269,0.15369185160247745,0.09423530555053043
9.08098330532529,16.138622873512013,0.5626863813906774,1.286688448395561,0.7240020670048836,0.1416904320968213,0.07972727651424187
8.153724974986414,13.827046701503093,0.5896938913282219,1.437204757289987,0.8475108659617652,0.17626358035118567,0.10394155659673539
10.806847805413877,13.621781391428595,0.7933505534168979,3.839112886749781,3.045762333332883,0.355248168187074,0.2818363308315544
10.225340254949032,15.061512680918412,0.6789052648014314,2.1143456755265353,1.435440410725104,0.20677509234992927,0.1403806988261692
10.504630502543387,15.377234150681115,0.6831287343100058,2.155855731577547,1.4727269972675412,0.2052290874063176,0.1401978867234753
9.640020520052786,16.88576496663098,0.5708962868488953,1.3304389343465308,0.7595426474976356,0.1380120438103845,0.07879056335177557
8.841268430077058,13.815321597485287,0.6399611017152418,1.7774776691186585,1.1375165674034167,0.2010432873038746,0.12865988363544148
10.790096233682888,13.924332821669532,0.7749093886129298,3.4426553104002213,2.6677459217872914,0.31905696073900264,0.24724023437896006
8.527550693875032,14.7275573149748,0.5790200310545948,1.3754099334110714,0.7963899023564767,0.16129015033577795,0.0933902278562224
11.124151191406808,14.157884257343547,0.785721297702856,3.6668193771926187,2.881098079489763,0.32962689144544943,0.258994868904277
11.331142789452329,16.032749991292924,0.7067497962362074,2.4100573065772894,1.703307510341082,0.21269322533122675,0.15032089366366624
8.348757020676624,13.740987428883615,0.6075805733674933,1.5482938206738701,0.9407132473063768,0.18545201601140726,0.11267704222036838
8.991275999426946,15.019917573873617,0.598623524743359,1.491426532560479,0.89280300781712,0.1658748472025032,0.09929658569862856
9.775659833084912,16.620161474431836,0.5881807976489046,1.428250053156707,0.8400692555078024,0.14610267516908812,0.08593478801959306
10.413679346877398,14.477176553314369,0.7193170096757103,2.5627381582497777,1.8434211485740675,0.24609343853267668,0.17701919630613822
8.027768950439729,13.852659788990701,0.579511016131338,1.3781835871171026,0.7986725709857646,0.17167703699813275,0.09948873415720523
10.77067453067554,16.886479938820816,0.6378282845031856,1.7611211953098969,1.1232929108067111,0.16351076158639052,0.10429178856045683
9.211692804572465,14.862177245410122,0.6198077611688628,1.6302483266738939,1.010440565505031,0.17697597621413053,0.10969108359795415
10.886276132756695,16.06575525499886,0.6776074924563182,2.1018090575957555,1.4242015651394373,0.19306960727106978,0.13082541245247575
10.133802244780455,14.530456696360309,0.6974180135245742,2.304889400880495,1.607471387355921,0.22744566602014146,0.15862470458054082
11.266097336586267,15.220129436376837,0.7402103499632372,2.8492680515120217,2.1090577015487844,0.2529063939700859,0.1872039303885376
10.72879238797853,14.108291693466072,0.7604600628541952,3.1746692092989623,2.414209146444767,0.2959018214255071,0.22502151771991194
8.622039984386173,14.254906302437043,0.6048471874495686,1.5306665377014743,0.9258193502519058,0.17752951047239277,0.10737822509852549
9.799442832455588,16.85135308742024,0.5815226101796539,1.3896153635189317,0.8080927533392778,0.14180554826204497,0.08246313256330129
10.206992844608454,14.377528936217221,0.7099267815693195,2.447405470281196,1.7374786887118765,0.23977732791044,0.17022434669675005
9.960253516888502,15.978942018548402,0.6233362324818884,1.6548876909216275,1.031551458439739,0.16614915354469817,0.10356678740060693
9.863227613499316,13.650596609402765,0.7225491966193884,2.6042425821639577,1.8816933855445692,0.2640355352440269,0.19077866386954184
10.93636387757481,13.29750977632654,0.8224369871902435,4.631803516824836,3.8093665296345924,0.4235231717483746,0.34832112137798926
11.38624508953525,15.428911472028625,0.7379811019187967,2.8165186073337587,2.078537505414962,0.24736149496047077,0.18254810862320914
9.879592733859349,15.895068658508231,0.6215508058577055,1.6423626089794403,1.0208118031217348,0.16623788583417348,0.10332529190431178
10.138452570282116,16.25363345066157,0.6237653015282839,1.6579154024390874,1.0341501009108036,0.16352746052181352,0.10200275572054356
10.203427908034719,13.583322899706905,0.7511731837174307,3.0188594418392336,2.267686258121803,0.295867180034861,0.2222474915842848
8.72464515600561,16.404247719608012,0.5318528045377561,1.1360802963106718,0.6042274917729157,0.13021507190222523,0.06925525118428405
9.791964167692214,13.193166818864455,0.7421996782221401,2.878971108739247,2.136771430517107,0.29401364827683674,0.21821683514398568
10.204740132629825,16.054691791282426,0.6356235463935171,1.7444144376024202,1.108790891208903,0.17094158351221767,0.10865449553815937
8.87182876470252,14.045306031932036,0.6316579179216457,1.7148676424847882,1.0832097245631425,0.19329359120495707,0.12209542736812092
8.394956806599694,13.734548146435204,0.6112291949537926,1.5722096078720336,0.960980412918241,0.18728024980855662,0.11447115632122924
10.745222631732423,16.211536791351527,0.6628133267084676,1.9657162610795047,1.302902934371037,0.18293862569905428,0.12125415908306532
10.250818762997092,15.21178621661754,0.6738734437247726,2.0662942982051176,1.392420854480345,0.20157358606942954,0.13583508660855834
10.853223458952103,13.648920913460602,0.7951708071111047,3.8821165864888503,3.0869457793777455,0.35769249579826445,0.28442663058149137
11.044448638443985,15.714294062508152,0.7028281763413293,2.365056578003817,1.6622284016624875,0.21413985029288177,0.1505035204633514
9.905140981302806,16.172132764785594,0.6124820470724182,1.5805256051888696,0.9680435581164515,0.15956618973645198,0.09773142653332799
9.3995322684128,15.548471884590729,0.6045309364277901,1.5286427994320395,0.9241118630042494,0.16262966664512182,0.09831466466791484
10.2444653892455,15.39834255621368,0.6652966286369282,1.987720129401514,1.322423500764586,0.19402868318420946,0.1290866287813172
10.397699475028217,15.96918252876551,0.6511103155279675,1.8662355022427195,1.2151251867147521,0.17948542432148482,0.11686481126263312
8.627957308155851,13.742925334277217,0.6278108261736854,1.6868057168870232,1.0589948907133377,0.19550464340992002,0.12273993169997366
9.349144943283198,14.251890490408735,0.6559933188916238,1.9069202864840846,1.2509269675924608,0.20396734653836904,0.13380121660122266
8.596430804345196,16.711483844689113,0.5144026038763236,1.0593191149346914,0.5449165110583678,0.12322778360517281,0.06338869275640903
10.523074534692372,15.588472848843118,0.6750548714252872,2.0774426574303164,1.4023877860050291,0.19741784120044226,0.1332678754086223
10.68623749193128,13.230285735953995,0.8077102569970103,4.200485394504126,3.3927751375071153,0.3930743068059017,0.3174901493691165
11.955838056928862,15.241769673470646,0.7844127232639412,3.638492656615767,2.8540799333518256,0.3043276965856126,0.2387185172433628
9.70642749769462,15.977157374653999,0.6075190517364997,1.547894374043932,0.9403753223074323,0.1594710694961224,0.09688171291968971
11.381191748001825,16.018651238774943,0.7104962570414401,2.4541867741694174,1.7436905171279773,0.21563530678589038,0.15320807835735778
11.321090652054808,16.197080303544638,0.69895872835657,2.3218036667891027,1.6228449384325327,0.20508657143980108,0.14334704917657223
8.90241195451258,16.846551681855775,0.5284411980940132,1.120626305686829,0.5921851075928158,0.12587895408713257,0.0665196253126256
10.77873576122072,14.435434585778795,0.7466859204806686,2.947668451345146,2.2009825308644775,0.2734707034891924,0.20419672395932364
9.108502786430021,15.903226617059406,0.5727455821235247,1.340525827609143,0.7677802454856183,0.1471730161411684,0.0842926948026484
11.214416775858174,15.432318875514932,0.7266838422870511,2.658766493601351,1.9320826513142997,0.23708468721485437,0.17228561145271407
11.79188946196787,13.374184267464758,0.8816903690084396,7.452397253029506,6.5707068840210665,0.6319934796764815,0.5572225643068847
9.082924579579242,16.174080451345255,0.5615728576905764,1.280880683464259,0.7193078257736826,0.1410207331616525,0.07919341611520943
9.551321202408062,15.283471006760745,0.6249445036525388,1.6662720843679464,1.0413275807154077,0.17445461722592356,0.10902445417214846
11.05564357757882,16.437878751190574,0.6725711842094025,2.054098942347017,1.3815277581376146,0.18579641501041078,0.1249613148654136
10.753773672230071,13.611130170409934,0.7900720614375105,3.7635393690217605,2.97346730758425,0.34997383092974227,0.2765045460518442
8.902861428290091,15.115008405181815,0.5890080368885512,1.4331376030553418,0.8441295661667906,0.1609749421125826,0.09481553464198043
8.14496277893201,14.934467458661118,0.5453801952749515,1.199640203982742,0.6542600087077906,0.14728614931006992,0.0803269488720216
11.610030992056815,14.673284827932985,0.7912359862295614,3.790097593638056,2.9988616074084944,0.32645025635427766,0.25829919054137
8.691963473772317,16.15217621945371,0.5381295594895565,1.1651093299991966,0.62697977050964,0.13404443466828542,0.07213327258007109
9.722527935250964,13.674481621592147,0.7109979159940507,2.460182660756918,1.7491847447628674,0.25303940262666,0.1799104879319348
9.789546561485453,16.816881858281775,0.582126142288644,1.3930666672399123,0.8109405249512683,0.1423014496627033,0.08283739393423113
11.315978799869516,15.428110617312269,0.733464977051148,2.751852154123474,2.018387177072326,0.24318286582113474,0.178366115098731
11.908490344090875,14.061762195372037,0.8468704120177882,5.53041657838304,4.683546166365252,0.4644095446680438,0.3932947024380197
10.787732809647277,16.107710231656068,0.6697247873534765,2.0277779309773645,1.3580531436238878,0.1879707225566394,0.12588865219292464
8.422972515668025,14.005356275613105,0.6014107995477821,1.5088487065516418,0.9074379070038597,0.17913494360155527,0.10773368965835821
9.495100934356882,16.376056399887247,0.5798160865165474,1.3799102438494024,0.800094157332855,0.14532865457557834,0.08426389175472696
8.28111566518662,13.953143173681816,0.5934946385991596,1.4599921549716925,0.8664975163725329,0.17630379939135782,0.10463535970343264
9.92318491780241,16.854431242622265,0.588758218830203,1.4316595389589353,0.8429013201287323,0.1442741973285721,0.08494261944232734
10.448992039463677,13.901323672513367,0.7516544672737984,3.0266478282196023,2.274993360945804,0.28965931037066356,0.21772371462755696
9.070986472356044,13.130970704598665,0.6908085225701742,2.234241798359272,1.5434332757890976,0.24630637529536117,0.17015054321740328
10.904936561899998,15.475491844142613,0.7046584801133449,2.3859106582229805,1.6812521781096357,0.21879179623648143,0.15417349459726765
10.818499830259432,13.776807797888345,0.7852689816807671,3.6569890453056755,2.8717200636249083,0.3380310674015123,0.2654453120748483
10.291264371649227,16.01199916726845,0.6427220151676323,1.7989409995950152,1.156218984427383,0.1748027195327726,0.11234955615488605
8.352231654823145,15.633281516189863,0.5342596591875836,1.1471191399388876,0.612859480751304,0.13734283091591015,0.07337673403699206
10.357234038148814,16.68107041664142,0.6208974471935685,1.6378086683858253,1.0169112211922569,0.1581318585978923,0.0981836673234057
9.176582459406683,15.536700982769853,0.5906390597066572,1.442831989010512,0.8521929293038547,0.157229774307918,0.09286604605511861
10.874905333676999,15.53611315249325,0.699975935224943,2.3330659683907347,1.6330900331657916,0.21453666922191805,0.1501705056786563
8.934147019251206,13.053317433396002,0.6844349771494728,2.1689190106270653,1.4844840334775924,0.24276732920932478,0.16615845142002272
9.475072652040033,15.44092240625958,0.6136338492445855,1.588218450412445,0.9745846011678595,0.1676207147678697,0.10285774441613661
11.386796278063084,13.629794870212333,0.8354341636460515,5.076595374566068,4.2411612109200165,0.44583175553480675,0.37246307981207216
11.006888151206912,16.43300782108374,0.6698036215308646,2.028500811051365,1.3586971895205004,0.1842937607055577,0.1234406283461251
9.4246609815077,14.181232458727663,0.6645868762772736,1.9813979515800433,1.3168110753027698,0.21023546156915146,0.1397197286869532
9.69910952651442,13.58576075740254,0.7139172917666475,2.495492636291454,1.7815753445248061,0.2572909017543863,0.18368442377669003
10.086635152795774,14.364517849311802,0.7021909999770037,2.3578568811647123,1.6556658811877085,0.23376050044906907,0.16414451956545664
8.34680417214656,16.00972452708107,0.521358388023955,1.0892458469533313,0.5678874589293763,0.13049855064147362,0.06803651400190114
11.370033044671871,16.842178603783896,0.6750927722686297,2.0778016450492416,1.4027088727806118,0.18274367689924378,0.12336893545247324
11.84631137140057,16.454232888344425,0.719955251137357,2.5708578863247404,1.8509026351873834,0.21701758511356703,0.1562429499916609
11.007118705936794,16.128526616762304,0.6824627548121566,2.149236869547182,1.4667741147350255,0.19525880722881372,0.13325686348271207
11.031926443443385,16.930626151304914,0.6515958916612844,1.870230218490444,1.2186343268291595,0.16952888764065133,0.1104643267045559
8.674925584270571,13.836008290403223,0.6269818145662414,1.6808344446723553,1.053852630106114,0.1937577940403379,0.12148261329376313
11.398755416625352,14.607997129967515,0.7803092590456102,3.551853189878453,2.7715439308328427,0.3116000879094214,0.2431444337151476
9.447466816206417,14.159251142310103,0.6672292709023203,2.0050719987047465,1.337842727802426,0.21223382285558248,0.1416086188847425
8.69458383425609,14.622058478983138,0.5946210546725113,1.4668276720492766,0.8722066173767653,0.1687059093351969,0.10031608573837984
10.5267728736786,16.2570530615819,0.6475203613965623,1.8370433082662811,1.1895229468697188,0.17451153647094153,0.11299977316353343
10.737500105602452,15.608624465881455,0.6879209714522452,2.2043165625497276,1.5163955910974825,0.2052914124209966,0.14122426786345552
10.93084782862596,14.966428664326935,0.7303577943534426,2.7086182320833845,1.9782604377299418,0.24779580454774894,0.18097959725953067
8.647143642480513,16.461803399337178,0.5252853185470969,1.1065284876789956,0.5812431691318987,0.12796462432322653,0.06721793845038565
9.62367267882179,15.06124411115052,0.6389693047798721,1.7698475870321202,1.130878282252248,0.18390563001242885,0.11751005255414604
9.888673129659683,14.534227159221583,0.6803714446822569,2.128631604913706,1.4482601602314493,0.215259578004371,0.14645647006852688
8.755688139201343,16.508131556765175,0.5303863801359874,1.1294101314386344,0.5990237513026471,0.12899158963668325,0.06841538229538718
9.041188619480165,15.090885332778505,0.599115851728198,1.4944862607089011,0.8953704089807031,0.16529754256966586,0.09903237800520344
10.177486684124098,15.781731417479733,0.6448903745029894,1.8160318059540128,1.1711414314510233,0.17843617607349446,0.11507177241291719
10.553893349108908,15.957293284449792,0.6613836796114766,1.953194928267529,1.2918112486560522,0.18506866268763672,0.12240139310912435
10.761659859659268,15.400385659454706,0.6987915820830369,2.319960334825965,1.6211687527429284,0.21557644128137488,0.15064300246284287
9.764994621429755,14.289123277591974,0.6833865473568346,2.1584254921948482,1.4750389448380137,0.22103703851081274,0.151053738585884
11.674904738298236,14.96463238729657,0.7801664909730109,3.5488970467974905,2.7687305558244795,0.3039765314020701,0.23715230384210026
11.363610390403705,13.953495365879972,0.8143916697884009,4.387689220952368,3.5732975511639675,0.38611753397121623,0.3144509032253984
9.93645333581032,13.152537979680286,0.75547801885548,3.0896118840496776,2.3341338651941976,0.3109370898884938,0.23490613665764762
8.253960134257804,16.19146648941189,0.5097722395717107,1.0398681607225717,0.530095921150861,0.1259841510993773,0.06422322285647036
10.109985884416968,16.07181918251524,0.6290504994864404,1.6957847324650765,1.0667342329786362,0.16773363997262106,0.10551293000545604
11.029434510312877,16.30057129561724,0.6766287089139249,2.0924204701085216,1.4157917611945967,0.18971239805196188,0.12836485495886354
10.996094964677866,16.832608827192033,0.6532614805920255,1.8840176214266933,1.2307561408346679,0.1713351537503647,0.11192665621642559
11.714455568555039,13.739251221097746,0.8526269285014989,5.785500158420535,4.9328732299190365,0.49387699876983426,0.42109282851866237
9.117308775012818,15.723234171385789,0.5798621756588168,1.380171320133094,0.8003091444742773,0.15137924514694895,0.08777909844049919
8.976103502894194,13.95901655758249,0.6430326567682453,1.8013767056298138,1.1583440488615686,0.20068582153146852,0.12904753699509816
8.30554635082197,16.689066049116875,0.4976639391550296,0.9906992110379615,0.49303527188293195,0.11928164255442576,0.059362172102517735
11.717659413460728,13.781479446912405,0.8502468445857564,5.6776556209037725,4.827408776318016,0.48453837243140324,0.4119772222405187
10.923182772833528,13.64952796726503,0.8002608441134406,4.006529618899278,3.2062687747858374,0.3667914107290878,0.2935288039636194
10.957050429896046,16.91520985772758,0.6477631978589025,1.8389992014503476,1.191236003591445,0.16783706648211483,0.10871867490371191
11.24166381857478,14.823077342243119,0.7583893383958842,3.1388902019502813,2.3805008635543974,0.27921936224100946,0.2117569873972799
9.589361684812578,16.898988343295937,0.5674518196005982,1.311881185297394,0.7444293656967957,0.13680589265655949,0.0776307527200488
11.702091757400488,16.251856926700416,0.7200464420884083,2.5720210432753143,1.851974601186906,0.2197915634740045,0.1582601332805055
8.215849704843663,16.611588356678453,0.49458543809512334,0.9785737795742588,0.4839883414791355,0.11910804295718064,0.05890910360662996
8.324690260884063,14.350723917462094,0.5800885243673668,1.3814543255656753,0.8013658011983085,0.16594663372123686,0.0962637378790842
8.44244419573305,15.043292568066548,0.5612098652960069,1.2789938079957015,0.7177839426996946,0.15149567806940625,0.08502086908225871
9.637590037869497,15.700193439222792,0.6138516748330324,1.5896784598705886,0.9758267850375563,0.16494564031300152,0.10125215756254291
8.966011165090878,14.304625594068623,0.6267910408510525,1.6794640789984374,1.0526730381473848,0.1873145201444119,0.11740706304783138
11.226779905698821,13.764139404248652,0.8156543301380245,4.424591750642835,3.608937420504811,0.39411049186034813,0.32145792923871963
8.449252384875034,13.886326100479781,0.6084584449290088,1.5540073257835634,0.9455488808545546,0.18392246497043743,0.11190917702342246
9.245305637080124,15.960902185366026,0.5792470581993047,1.3766916417038046,0.7974445835045,0.14890709899111512,0.08625399903559608
11.687689098832577,16.72619912182174,0.6987653927654311,2.31967169768548,1.620906304920049,0.19847137257588246,0.13868492661068071
8.210245606125401,13.305867561411741,0.6170394803820143,1.6112352286275597,0.9941957482455455,0.19624689758677485,0.12109208371352592
9.625041711610624,15.255371333126359,0.6309280515978182,1.7094987964522539,1.0785707448544357,0.1776094948648479,0.11205881254035117
9.120886653699591,16.659658038609194,0.5474834256838704,1.2098638077760147,0.6623803820921442,0.132647609131868,0.07262236745629014
9.815699196890437,15.499618535700154,0.6332865014891825,1.7269244357267683,1.0936379342375857,0.17593493862096438,0.11141722176898458
9.917624652850707,15.874529913538442,0.6247507615575157,1.6648954816020858,1.04014472004457,0.1678724029068322,0.10487841156053353
8.453427231009169,14.460986929084106,0.5845677941944293,1.4071316234640143,0.822563829269585,0.16645693929940308,0.09730536583460807
10.220670301283805,15.2530822251126,0.6700724581721944,2.030968540728606,1.3608960825564116,0.19871187318051917,0.13315135333007183
11.72291584822022,15.255050451601878,0.7684612965006116,3.3189323637317565,2.550471067231145,0.2831149183959756,0.21756285724923624
11.01658801433587,13.323460851085155,0.8268563354121765,4.775550623700534,3.9486942882883573,0.4334872664282368,0.3584316925666937
10.777793271729614,13.424852631473037,0.8028239540195998,4.071609966757334,3.2687860127377344,0.3777777012514478,0.30328898785912245
10.386791932983758,16.242429267473298,0.6394851263895667,1.7738106613614621,1.1343255349718955,0.1707756035555734,0.10920845842399038
8.806176904949197,16.693602729646592,0.5275180587177916,1.116483007342519,0.5889649486247274,0.1267840766082089,0.06688088996869013
10.105660772168852,15.130028688547483,0.6679207938196592,2.0113297712984,1.343408977478741,0.1990300106686377,0.13293628271973174
11.933161953250547,15.940569686823986,0.7486032298528298,2.977775845785886,2.2291726159330563,0.24953787248104442,0.18680485730991342
8.89219020120946,15.217795826478177,0.5843283943747957,1.4057452721503978,0.8214168777756021,0.1580876297449415,0.09237509085937885
10.54687889497242,14.707443518721991,0.7171116368080327,2.534963364051149,1.8178517272431165,0.24035199316259695,0.172359211226903
11.540811467981678,13.86526803182118,0.8323540115845717,4.964950366256248,4.132596354671676,0.43020808199066324,0.35808542286103284
8.493599316513896,15.138898191261411,0.5610447477225677,1.2781365408243741,0.7170917931018064,0.1504823212391624,0.08442731595633225
9.712117841748665,16.798195818489567,0.5781643425693762,1.3705914433382451,0.7924271007688689,0.14112178884883367,0.08159158627200024
8.699405721782297,14.072328971872654,0.6181923219085061,1.6191196704021407,1.0009273484936345,0.18611842258926423,0.11505697981040582
10.641070196454004,15.377891885756346,0.6919719734998406,2.2464578348992625,1.554485861399422,0.2111120210115581,0.1460836018089077
9.208245361936577,14.068274053821769,0.6545398054308642,1.8946895061158004,1.2401497006849362,0.20576010213061158,0.13467817721400527
11.623403212103185,15.641525018780724,0.7431118895470233,2.892745359980566,2.1496334704335425,0.24887249518870827,0.18494011015596346
8.17819346054965,16.941681522157523,0.48272619514501164,0.9332121414505773,0.45048594630556565,0.1141098148328539,0.05508379674296539
11.358484862098923,15.381901811495421,0.7384317622942007,2.8230941522982502,2.0846623900040493,0.24854495881914426,0.18353349195016022
11.35889859862787,15.153429448953856,0.7495926012584598,2.9934922251724574,2.2438996239139977,0.26353719061582825,0.19754552824206528
10.54095275538942,14.412718432313653,0.7313646488615468,2.7225182603930844,1.9911536115315376,0.2582800932298178,0.1888969296929533
11.151429634895917,16.66908505754943,0.6689887055225886,2.0210449512871267,1.3520562457645382,0.18123639904992236,0.12124510399398289
9.88972616998083,16.417026747543442,0.6024066551186363,1.5151326421180067,0.9127259869993704,0.15320268893966185,0.09229031939932261
11.008568306596333,15.751319408238441,0.6988981698154443,2.3211355752539444,1.6222374054385003,0.21084808765397042,0.1473613425704463
10.812555801378826,15.308352059734833,0.7063174245788882,2.405036878902669,1.6987194543237805,0.2224300085088094,0.15710619075900245
10.739948937831127,13.71921128124893,0.7828401150516733,3.6049020528720135,2.82206193782034,0.33565355605871283,0.262763068442506
10.794599950907795,14.868774967380336,0.7259912114205362,2.649517977814772,1.923526766394236,0.2454484640342744,0.1781934277455528
11.647573394907845,16.53286094811209,0.7045104553569657,2.3842144946551267,1.679704039298161,0.2046962413387729,0.14421064219543825
9.45267714610096,13.34085896839034,0.7085508638160416,2.4311304301441288,1.7225795663280872,0.2571896186200458,0.18223192643775174
11.46459111774896,13.17245932478138,0.8703455319220911,6.712807856333215,5.842462324411124,0.5855252740711137,0.5096093061152516
10.240430360332162,13.931348063337051,0.7350638512350266,2.774494362742121,2.0394305115070943,0.2709353284105656,0.19915476593709705
8.233761734178724,16.394898574744506,0.5022148625464758,1.0088988697324561,0.5066840071859803,0.12253194861644713,0.061537365731960836
11.49537323273791,16.7063441690409,0.6880843059632628,2.205994501457245,1.5179101954939824,0.19190281661971165,0.1320453163861696
9.316190178622692,13.740940059112928,0.677987833331988,2.105472722808575,1.427484889476587,0.22600147511370883,0.15322625044217664
10.215131024997742,15.621479355198973,0.653915726720085,1.8894696384865606,1.2355539117664756,0.18496773402737418,0.12095331021627778
9.682972103009655,15.651092145382933,0.6186770873920213,1.6224492862511413,1.00377219885912,0.16755695141854768,0.10366364667591349
10.578532845193406,14.943959352403956,0.70788019397896,2.423252992054824,1.715372798075864,0.22907269160258675,0.16215602136692162
8.491667519409106,15.91776015949203,0.533471256905789,1.1434906526178594,0.6100193957120704,0.13466031848329238,0.07183740935661583
11.76739014649266,15.22867577700212,0.7727126323264044,3.3997165800964657,2.6270039477700613,0.28890999089630515,0.2232443995708815
10.49910930429601,14.334895310813337,0.732416182793895,2.7371467768163096,2.0047305940224147,0.2607027603471399,0.19094292057728385
11.66430385065013,16.328539217626616,0.7143507263686236,2.500796579271111,1.7864458529024874,0.21439741379265637,0.15315494827433843
8.137422734032445,13.641047589061802,0.5965394285815344,1.4785569417211013,0.8820175131395669,0.18169843082349152,0.1083902780976071
8.879584951875485,13.773059618396324,0.6447067825086047,1.8145766672965509,1.1698698847879463,0.20435377071461977,0.13174826201092366
8.739538531567483,14.041171550260925,0.6224223171324388,1.6484616156478693,1.0260392985154305,0.18862112795699396,0.11740199952312641
10.950146479017484,16.828430380420293,0.6506932750993739,1.862813477995561,1.212120202896187,0.17011767665072408,0.11069442817215594
10.607253092870604,15.465794501317992,0.6858524527767814,2.183217595805218,1.4973651430284365,0.20582308885159084,0.141164270326957
8.149625019984681,16.436740924047662,0.49581757464227155,0.9834090791452679,0.4875915045029963,0.12066924266254356,0.05982993123086206
8.196910536200136,13.925932996856679,0.5886076385726055,1.4307694885980209,0.8421618500254154,0.1745498480530308,0.10274137387570155
8.727848742380747,16.982363285929097,0.513936052093073,1.0573424634889463,0.5434064113958733,0.12114582810706785,0.0622612086248925
11.432750358467139,14.545096119761226,0.7860209560894136,3.673354837578681,2.8873338814892673,0.32130106250926577,0.2525493683460775
11.250940431012284,16.09235346209479,0.6991482294689615,2.3238960110983666,1.6247477816294051,0.2065512679004806,0.14440995324719014
9.22870841470343,14.69677740871642,0.627940953179983,1.6877454225263027,1.0598044693463198,0.1828799163095608,0.11483778896490113
9.373620478830881,13.16148405483626,0.712200876419137,2.474645744426771,1.7624448680076341,0.26400106021098685,0.1880217864578462
11.63073588479881,15.67325142577164,0.7420754997699014,2.8771035675474175,2.135028067777516,0.24737072495195656,0.183567754347166
10.407511633198604,13.631319754899973,0.7634999266639223,3.228328498566481,2.4648285719025584,0.3101921585433096,0.23683169029954065
11.985709873702657,16.713214370416747,0.717139719988154,2.5353143253556865,1.8181746053675325,0.21152809070727743,0.1516951957394458
9.505097974803702,14.47753516867811,0.6565411766616055,1.911557170900644,1.2550159942390384,0.201108623600497,0.1320360923754662
9.169997661062363,14.277170923544883,0.6422839447792743,1.7955133279744975,1.1532293831952232,0.19580303009221092,0.12576114256736018
10.012457253569305,14.617817214142054,0.684948861166681,2.1740878757116953,1.4891390145450143,0.21713829289375117,0.14872862643325208
11.922400642336564,16.850800697097753,0.7075272479123192,2.419121927981205,1.7115946800688855,0.20290560605645802,0.14356124503910694
10.383455280685245,13.230359533175928,0.7848203410230917,3.647279416440165,2.8624590754170733,0.35125873977852456,0.27567500394032307
11.041635344520904,14.743243585532753,0.7489285027723368,2.982929209575843,2.234000706803506,0.27015284570650455,0.20232516625465854
8.82871716110739,16.43508647856136,0.5371871436529374,1.1607005645713993,0.6235134209184618,0.13146876758999176,0.07062333174123955
11.386097847311092,14.539242109997968,0.78312870513941,3.6110297844757357,2.8279010793363257,0.3171437513448478,0.24836437533374567
10.980042256313165,15.846294269714601,0.6929091476799213,2.256365314840791,1.5634561671608695,0.20549696095599765,0.1423907240668344
11.167503268502639,13.0074386873031,0.8585474463472604,6.0695082851240745,5.210960838776814,0.5434973367988892,0.4666182506052233
11.477091166980436,15.081441168222039,0.7610075879991964,3.1842332634252744,2.423225675426078,0.2774425346194257,0.21113587407911272
8.517484939754489,15.562199673762052,0.5473188314191221,1.2090603042643153,0.6617414728451932,0.14195038944197602,0.0776921212688716
10.76820663466479,16.78610512645442,0.6414952458324835,1.7893632884230475,1.1478680425905639,0.16617096505770665,0.10659788407991454
11.50403692467053,13.740955117798812,0.837207954326932,5.142806276961958,4.305598322635026,0.4470436170048407,0.37426847208753516
8.122732714967139,15.95483184847543,0.5091080114230918,1.037108005977021,0.5279999945539292,0.127679691351412,0.0650027537630315
9.883985649959977,15.612733395252206,0.6330720828785606,1.7253309256080331,1.0922588427294726,0.17455821838582086,0.11050793489708229
11.848166111822502,13.881088610794283,0.8535473293217847,5.828144515009851,4.974597185688066,0.49190266746803374,0.41986220810360214
11.779214885194941,15.011257514474448,0.7846920801829531,3.64451099081598,2.8598189106330265,0.3094018596601623,0.24278518886920686
9.130729214970849,14.514745755346052,0.6290657355543297,1.6958954614085457,1.066829725854216,0.18573494202718618,0.11683948792447264
11.83085126907285,16.74831077324982,0.7063907178011606,2.4058868728910805,1.69949615508992,0.2033570381516277,0.14364952414984627
10.807201832967257,16.50753393294442,0.6546829997059165,1.895889861050474,1.2412068613445575,0.17542837548079113,0.11484997509330018
11.464509405737338,15.16729458681186,0.7558704250200207,3.096185396963921,2.3403149719439003,0.27006697691001547,0.2041356406208455
11.394171746156623,13.106924697165743,0.8693245753231886,6.652548307940966,5.783223732617778,0.583855365370014,0.5075598175504527
9.905486400131437,15.556477420403496,0.6367435334132676,1.752875976018548,1.1161324426052803,0.17696011131722808,0.11267820655333698
11.7512844443042,16.641682042382975,0.7061356186457638,2.402930274814622,1.6967946561688585,0.2044823513721781,0.14439227168833343
8.05723364774699,15.395257739106617,0.523358152509537,1.098011337579856,0.5746531850703189,0.1362764672819049,0.0713214001471841
10.237769574417516,15.730685164987712,0.6508152357663382,1.8638133802734762,1.212998144507138,0.18205267922134485,0.11848265734933307
10.733417140430596,13.070560260397079,0.8211902876843107,4.592537379818025,3.7713470921337144,0.4278728125192183,0.351364998004952
9.104948563586385,13.541198902918696,0.6723886584092555,2.0523973777721363,1.3800087193628807,0.22541559278877565,0.15156688801977192
10.80293747681112,14.589272994587324,0.7404712682269399,2.853137928768637,2.112666660541697,0.26410760359328156,0.1955640921810951
8.381067550879154,13.950487983033732,0.6007723572875744,1.5048365719513237,0.9040642146637493,0.17955189632059104,0.10786981600797564
11.752956564022456,14.1141791217097,0.8327056403829158,4.9774878381367715,4.144782197753855,0.4235094217376418,0.3526586842362413
8.79971598141072,15.78764832965803,0.5573797818184191,1.2592732074199084,0.7018934256014894,0.14310384676961233,0.07976319088982299
10.406599431844212,16.683099485003616,0.6237809371812876,1.6580258653237543,1.0342449281424666,0.15932446292207542,0.0993835627974375
11.380634641678643,15.94714400063955,0.7136471985969544,2.492195624070343,1.7785484254733888,0.21898564557580283,0.1562784924981172
8.947645525624125,13.936254199129403,0.6420409241805509,1.793615436934444,1.151574512753893,0.20045669352880782,0.12870140077141323
8.09272886481596,13.117655862470881,0.6169340734093316,1.6105167037437056,0.993582630334374,0.19900786627680142,0.12277473358264665
8.383305904095897,16.648998295599476,0.5035321498177883,1.0142291180244276,0.5106969682066393,0.12098200037396915,0.06091832673756115
8.340816294012065,15.780950157203934,0.5285370152572543,1.1210572884012326,0.5925202731439784,0.13440618386548667,0.07103864325238204
10.514493127526388,13.251321751286014,0.7934674989312653,3.8418529520794253,3.04838545314816,0.36538641525397525,0.28992224505503245
11.369414637615838,15.07748690232206,0.75406562852758,3.0661254220504253,2.3120597935228453,0.2696819070971441,0.20335785677772442
11.688715267226806,13.614658480787368,0.8585389992500804,6.069086141754643,5.210547142504563,0.519226108516078,0.44577586358990723
10.742741630829604,13.684345869731311,0.7850387393811565,3.6520010029767205,2.866962263595564,0.339950557173988,0.2668743568557893
9.236045349486274,13.259378172400384,0.6965670055863747,2.295620510658271,1.5990535050718964,0.24855015580731835,0.17313183776873062
8.35171041359498,15.083021883024122,0.5537159912891723,1.2407255928543828,0.6870096015652105,0.14855946044713428,0.08225974890686953
11.394657930739903,13.981365960250145,0.8149888904371428,4.405080821161456,3.5900919307243133,0.38659175623672415,0.3150679864675142
8.15690181010581,15.569567815631125,0.5239003360078279,1.1004005581832164,0.5765002221753884,0.1349042300374267,0.07067637144548516
9.447375687568798,14.361937010319036,0.6578065118083215,1.9223232893311326,1.264516777522811,0.2034769604706835,0.13384846960058003
8.501970827537942,16.53755030973241,0.5141009803933597,1.058040785531015,0.5439398051376553,0.12444653210335815,0.06397808416089014
11.674205821792562,14.568705563663334,0.8013207330450748,4.0332378175467705,3.2319170845016956,0.34548284303997917,0.2768425650392926
9.205593583835386,13.689167013436125,0.6724728812790403,2.0531822949658127,1.3807094136867724,0.22303638285434518,0.14998591900811664
10.851488204921369,14.176825805582915,0.7654384947473919,3.2632741417781337,2.4978356470307417,0.3007213462479896,0.23018369461047036
11.422577606218024,14.849250246261548,0.7692359827455784,3.333431233767617,2.5641952510220385,0.2918282850582711,0.22448481764975592
9.045406718608705,14.479845313750321,0.6246894578368889,1.664460194047512,1.0397707362106232,0.18401164766016476,0.11495013641250094
11.49402141970693,14.52853000092611,0.7911345069992802,3.7877702804481634,2.996635773448883,0.32954265022978724,0.26071256212477895
10.925376127101075,16.58810242502155,0.6586272406071716,1.9293491424992948,1.2707219018921232,0.176593384067888,0.11630921325811552
10.23011608565844,13.814686737845939,0.7405246517557715,2.8539306595660117,2.11340600781024,0.27897343839205563,0.20658670831438714
11.501823042689221,15.662934404383794,0.7343338576116396,2.7641228611591906,2.0297890035475508,0.24032041276414176,0.17647541576791373
10.000732510502942,15.229999720568728,0.6566469267229565,1.9124539077392317,1.255806981016275,0.1912313828742784,0.12557149985737592
9.93390944145511,13.040839185257903,0.7617538488385747,3.197339579779583,2.4355857309410083,0.3218611563375838,0.24517897463178864
8.360003162434259,13.359132704149584,0.6257893642929,1.6722917645310174,1.0465024002381174,0.20003482439402342,0.1251796655939778
11.649898488031388,14.915875391036495,0.7810402127006402,3.5670486454794053,2.786008432778765,0.30618710104161334,0.2391444385237341
8.790237355927703,14.45709278826537,0.6080224762106128,1.5511666851013333,0.9431442088907205,0.1764647099154044,0.10729450988655165
8.923630922483689,15.342531550975908,0.5816270211232561,1.3902117261129532,0.808584704989697,0.15578991760071803,0.09061162569514315
11.404994774668804,15.500824967952276,0.7357669542265305,2.7845379902153238,2.048771035988793,0.24415074668863104,0.1796380512632272
8.086464119907587,16.04135014800759,0.5041012162503019,1.0165405376447625,0.5124393213944606,0.1257089034924673,0.0633700111440446
9.475435362293696,14.21309792923345,0.6666692518036236,2.0000232664130526,1.3333540146094292,0.21107455118863389,0.14071691311571222
11.281939566786038,14.029731572050508,0.8041450763934418,4.105820071232128,3.3016749948386863,0.36392856449254857,0.2926513632956161
10.805219386182008,13.546458034171113,0.797641668318442,3.9417288217895265,3.1440871534710846,0.36479859232014394,0.29097855777845877
9.678002645622993,15.11438030046335,0.6403175289513061,1.7802300097760944,1.1399124808247882,0.18394601396200563,0.11778385712059389
11.382675255606738,13.482810892584713,0.8442360681530431,5.419971479549786,4.575735411396743,0.4761597214925448,0.4019912110857141
11.817322338428408,16.980803838025945,0.695922434011357,2.288634584891899,1.592712150880542,0.193667780174664,0.1347777529687286
9.184151923376554,14.21978233055954,0.6458714845190716,1.823833597929662,1.1779621134105904,0.1985848680581418,0.128260303535736
10.31664791905498,16.603056231816698,0.6213704136763101,1.6411036963844166,1.0197332827081065,0.15907334526297803,0.09884347035093116
11.140289850262594,15.383872213117613,0.7241538213482704,2.625208820683186,1.9010549993349155,0.235649956685939,0.17064681663467712
8.073894037057403,15.528093542442013,0.5199539798616946,1.0831336122980277,0.5631796324363332,0.1341525671908353,0.0697531612195382
11.8946860571831,13.154749685382457,0.9042122686986938,9.439750335608618,8.535538066909925,0.7936107174436969,0.7175925472833633
8.002695101375817,14.218346833845535,0.5628428673807632,1.2875069977892788,0.7246641304085156,0.1608841748285439,0.09055251027668565
8.59860176329299,16.344907182580243,0.5260722295478705,1.1100261734947392,0.5839539439468687,0.12909379967256845,0.06791266301455424
11.23947099832781,14.898012532828243,0.754427543510336,3.0721179170274313,2.3176903735170953,0.27333296357849013,0.20620991627292043
9.361415383959905,14.841129646479374,0.6307751233869605,1.708376556783401,1.0776014333964405,0.18249126726184786,0.11511095162413487
10.030387209815755,16.866609359980345,0.5946890092572491,1.4672412612533756,0.8725522519961265,0.14627962316524837,0.08699088417466529
9.71920039422548,14.568981180425435,0.6671159962293028,2.004049424642336,1.3369334284130332,0.20619488675560313,0.13755590729535247
11.158310343145676,14.1935105270015,0.786155780271434,3.6763012873076812,2.890145507036247,0.3294675604327459,0.25901282704613116
11.536020746242311,15.575886810111301,0.7406333191092237,2.855545348252025,2.1149120291428014,0.24753295881356463,0.18333115687501714
11.1173872230953,15.948741847218297,0.697069858525194,2.3010911199906716,1.6040212614654776,0.20698128740270708,0.14428041672716754
9.413108731451404,13.9269805912464,0.6758901306553033,2.085373493938508,1.4094833632832047,0.22153929731745114,0.14973622460917616
9.769250725225216,14.91688504926262,0.6549122482986578,1.8978136577430735,1.2429014094444157,0.1942639933319269,0.12722586863648772
10.15315874497583,14.342772004952447,0.707893755925983,2.423411927293856,1.715518171367873,0.23868551533216723,0.16896398593361667
11.701185218705781,13.358880802635394,0.8759105939771101,7.058705670776901,6.182795076799791,0.6032470676126632,0.5283904973075577
11.882516534251312,13.694069146506479,0.8677126139152499,6.559299715540139,5.691587101624889,0.5520126731263517,0.47898835951281105
10.073086716028438,15.251618092861005,0.6604601986948165,1.9451628237868497,1.284702625092033,0.19310494177436982,0.12753812821325125
9.617437184816879,14.914935424361726,0.6448192306020963,1.8154677453263668,1.1706485147242705,0.1887683496589361,0.12172146198910268
11.920882332828738,14.968441980593258,0.7964010114268597,3.9116157551085426,3.115214743681683,0.3281313954703171,0.2613241752334674
8.839492488141715,15.006798484624738,0.5890325306359144,1.4332826185667678,0.8442500879308533,0.16214535172573918,0.09550888685786259
11.549890243422155,15.868402461190804,0.7278546326052423,2.6745067886805516,1.9466521560753094,0.23156122978776578,0.16854291383279235
8.770702067651468,16.993403966991124,0.5161239081168281,1.0666447811218622,0.5505208730050342,0.12161452673850519,0.06276816482405577
11.8391632068105,15.100809820996787,0.7840084967065039,3.629811750701916,2.845803253995412,0.30659360693785015,0.2403719928751686
9.789145014714503,16.822928954535406,0.5818930247622178,1.3917324015732784,0.8098393768110606,0.14217098627932295,0.082728305239503
8.301361302194913,15.249224049029026,0.5443792599219821,1.1948079005990064,0.6504286406770243,0.14392915295508155,0.07835204576688505
11.127289547170179,15.066354804549613,0.7385522040015978,2.8248553451416796,2.086303141140082,0.2538673351822753,0.18749427992288178
11.362726032569366,14.160486249718492,0.8024248484260387,4.061365217405159,3.2589403689791205,0.3574287724410437,0.2868097285491096
9.383163361513335,15.819815829212724,0.593127218597986,1.457770698138546,0.8646434795405601,0.15536025985840174,0.09214839881047417
10.55153242529782,14.614431526363362,0.7219940376239493,2.597045154906889,1.8750511172829398,0.24612966631087113,0.1777041515588212
10.226948577618014,14.504672292130202,0.7050796027406181,2.390745466548731,1.685665863808113,0.23376918818003542,0.16482588633497616
8.096915918904573,14.65784243066141,0.5523947987029366,1.2341116615763525,0.6817168628734159,0.1524174974690011,0.08419463283319423
10.394825395828853,13.633290242695278,0.7624590403918382,3.209800287283341,2.447341246891503,0.3087882831174194,0.23543841802995086
8.368822405851745,14.313360901478479,0.5846860470755892,1.4078170091771636,0.8231309621015743,0.16822163751411112,0.09835684427070829
11.42773463301543,13.862517038586525,0.8243621703912903,4.693534258694866,3.869172088303576,0.4107143199786033,0.33857734822834434
8.05124681265882,14.055591168647785,0.5728145274044271,1.3409035750303353,0.7680890476259082,0.1665460774251832,0.09540001263136745
9.034691428864958,14.834864621443234,0.6090174504056919,1.5576589058453414,0.9486414554396495,0.17240864484522106,0.10499987331153697
11.035603826147113,16.957021001855388,0.6507984996267699,1.8636761266237116,1.2128776269969417,0.16887849147031053,0.10990586886811037
8.399418242053308,15.624054672994651,0.5375952925056807,1.1626077412118154,0.6250124487061347,0.13841526968986917,0.0744113973961779
10.426915481835898,16.587439553118745,0.6286030733342112,1.692537089570146,1.0639340162359348,0.16232385239130526,0.10203727248862332
8.874623190859772,15.103756821107826,0.5875772032066416,1.4246962286642055,0.8371190254575639,0.16053596846022047,0.09432727536192598
10.227258730357947,16.850758043851172,0.6069316705956659,1.5440869314386783,0.9371552608430124,0.15097759547779,0.09163308424585173
10.292858108687458,13.495467568492694,0.7626899962115996,3.2138973664660972,2.4512073702544974,0.31224537757432785,0.23814642583925358
10.06065671056966,14.047289900200223,0.7161991232505467,2.5235972892459584,1.8073981659954117,0.2508382267526019,0.17965011807793532
9.577910627874536,13.255652539631328,0.7225529334929989,2.604291126915793,1.8817381934227941,0.27190597491445995,0.19646645980871683
10.127421427079971,16.4745388140788,0.6147317106337014,1.5955938435650423,0.980862132931341,0.15755183637352574,0.0968521098873785
10.908133393699163,16.378466606967557,0.6660045568037938,1.994052824285235,1.3280482674814411,0.18280422069618754,0.12174844398662728
8.878574168893145,13.574563496210317,0.6540596440815076,1.890671709419215,1.2366120653377073,0.21294767306707277,0.13928047925423487
11.571742666139512,16.9805945701612,0.6814686387056033,2.1394083017017858,1.4579396629961825,0.18488211874620963,0.12599136578298717
9.20753232828153,13.035797604094899,0.706326732580536,2.405144801864667,1.698818069284131,0.2612149179728763,0.18450307951307449
10.008689930639289,16.624724210937707,0.6020364490650852,1.5127929370686155,0.9107564880035303,0.1511479471891271,0.09099657340921911
8.415003168405107,14.793750701733881,0.568821479965783,1.319224992749275,0.7504035127834919,0.1567705877642952,0.08917447774719206
8.983113133858042,16.10479957233082,0.5577910543693859,1.2613744246488399,0.703583370279454,0.140416179319241,0.07832288871300021
9.903321697191293,16.217665170668436,0.6106502750533178,1.5683850171897276,0.9577347421364097,0.15836959205662696,0.09670843494946099
9.544323086461501,13.2096317899925,0.7225275645981439,2.6039615919027277,1.8814340273045838,0.2728283156713768,0.1971259784754535
9.463209943374778,16.797278523858434,0.5633775691659498,1.2903083519776295,0.7269307828116797,0.13634996578311973,0.07681651227875443
10.695249123913015,13.093639054645056,0.8168278565857369,4.459345407878939,3.6425175512932024,0.41694638023049824,0.3405734180748595
9.753197171754765,16.85672650752635,0.5785937837574849,1.3730072349585607,0.7944134512010758,0.14077509259576812,0.08145159348379577
9.744742102390974,13.579803365301213,0.7175908104303266,2.5409612609411534,1.8233704505108268,0.2607520275285379,0.18711325875555432
11.393296195354832,14.6124743176755,0.7796965762036142,3.539194093162367,2.759497516958753,0.31063829400005716,0.2422036142695763
11.890355332775773,14.919814715039477,0.7969506029314193,3.924909969874208,3.1279593669427888,0.3300918988564783,0.26306693781644747
11.86196186205311,14.109183240199172,0.840726331220691,5.278501698768605,4.437775367547914,0.44499398667388596,0.3741181618316052
8.836007048980953,13.327356928305058,0.6629977043846379,1.9673388371851062,1.3043411328004684,0.2226502113770945,0.14761657902376804
11.001990762695625,15.882493694885904,0.6927117979110686,2.2542739786364883,1.5615621807254196,0.20489691613630867,0.14193451116321584
9.504053182764345,13.21472990213545,0.719201470869906,2.561272215698466,1.8420707448285598,0.2694926224048649,0.193819490422167
8.627062402466958,16.874671683665838,0.5112432741916804,1.0460076500147837,0.5347643758231033,0.12124725673894185,0.06198684452197591
8.543427675617767,15.702671508469937,0.5440747882301102,1.1933421846052912,0.6492673963751809,0.13967955601836377,0.07599612486076708
11.500705619450017,16.97361517314259,0.6775637070909691,2.1013878461942577,1.4238241391032886,0.18271816666973775,0.12380319836161308
9.211094705931075,15.544106660996885,0.5925779401040434,1.4544571795041488,0.8618792394001054,0.15790274944927185,0.09356968600541438
8.266982032887224,15.80726244383059,0.5229863211459326,1.0963759412566647,0.5733896201107321,0.13262106254678263,0.06935900160780646
8.667033820772701,16.01313276674651,0.5412453607310994,1.1798144681297633,0.6385691073986639,0.1361266717688403,0.07367792956664992
10.147568393629562,16.71104102987625,0.6072373573547925,1.546066991669891,0.9388296343150986,0.1523583711582058,0.09251769467298952
10.882512472844954,15.854660428829257,0.6863920247107143,2.188694417218045,1.5023023925073307,0.20112032241446784,0.13804738531253824
11.139145282116944,14.30655535385559,0.7786042836031083,3.5167992239168706,2.7381949403137624,0.315715356506107,0.24581732897493738
10.882306790712274,14.53693584373249,0.7485970157462113,2.9776775242672153,2.229080508521004,0.2736255815548754,0.20483529378380128
8.682019695011093,13.236731185214907,0.655903604411691,1.9061623801385035,1.2502587757268124,0.21955287445775232,0.14400552171578723
11.738472592699118,13.740463390303304,0.8542996156143469,5.863399875137654,5.009100259523307,0.49950279551570154,0.42672504620735546
11.161962706826642,14.963335551380558,0.7459541803696843,2.9362977964179358,2.1903436160482515,0.2630628567341566,0.19623283768083546
11.522891297148671,14.648415177661334,0.7866305779427216,3.6867071689942197,2.900076591051498,0.31994636362719936,0.251679592930736
9.3343585759689,13.394136759540647,0.6968988553383281,2.299228714943395,1.6023298596050668,0.24631887624959134,0.17165934290656348
10.156694534684192,16.762559241436517,0.6059155042135311,1.53752687733709,0.9316113731235589,0.15138063590340095,0.09172387433157415
8.26037855269292,14.993799112885238,0.5509196495499389,1.2267730017530627,0.6758533522031238,0.1485129275768033,0.08181869001424791
9.50442673991466,16.353619497833538,0.5811818442500615,1.387671084147232,0.8064892398971705,0.14600260721875918,0.0848540645287158
11.39493594879833,15.134886793004014,0.752892050310251,3.046814362935422,2.2939223126251713,0.26738319343135303,0.2013106807210338
11.871249994541024,14.552777457710917,0.815737753775032,4.427047702322525,3.6113099485474933,0.3729217819823773,0.30420637676808665
10.452309891946543,14.55903608805693,0.7179259553124387,2.5451684365629883,1.8272424812505497,0.24350296373474623,0.17481709786067784
9.352594067086962,14.403767173408527,0.6493158320660185,1.851568708936573,1.2022528768705545,0.19797381300365563,0.128547531117751
8.97774565401603,15.162595494555186,0.5920982101804334,1.4515705127019551,0.8594723025215217,0.16168541286894464,0.09573364357198653
9.423974619009723,14.660848404547988,0.6427987220771126,1.799542055994212,1.1567433339170994,0.19095361869547448,0.12274474207345125
10.661817221903188,14.269184020487822,0.7471917950315068,2.95556781918778,2.2083760241562733,0.27721051277412506,0.20712942064130294
9.41587550441535,16.02002198248811,0.5877567156092596,1.4257520688976477,0.8379953532883881,0.1514200212427485,0.08899813436312218
10.675920791621893,13.842132783388406,0.7712627063102441,3.3718275400964286,2.6005648337861844,0.3158348217366437,0.24359161935961732
11.097253483867053,13.617236484005492,0.8149416731435666,4.4037017246772745,3.5887600515337077,0.3968280738183804,0.3233917344278897
9.88695122804793,14.478447152973168,0.6828737311112562,2.153318088419935,1.4704443573086787,0.21779394261714022,0.14872576220839737
10.34485582898575,14.735254868457108,0.7020479741501027,2.3562450100734718,1.654197035923369,0.22776972913159363,0.15990527690955292
9.48194306838753,15.429216770008525,0.6145446790804463,1.5943344033087161,0.9797897242282698,0.16814427083243855,0.1033321669579366
11.770105374045386,16.01232300496061,0.7350654474306453,2.7745171035711524,2.039451656140507,0.23572576586181834,0.173273865554149
10.407049331581579,16.386652250003756,0.6350930728745521,1.7404248197684102,1.1053317468938582,0.1672351849516903,0.10620990750371305
11.586260474339122,13.902319603615858,0.8334048421189834,5.002575421274888,4.169170579155905,0.4317679058186575,0.3598374633808423
9.376708384162157,16.67839938696124,0.562206730190946,1.2841831269725907,0.7219763967816447,0.136954576633913,0.07699678471403758
8.501835655542038,15.50071289645197,0.5484802997343472,1.2147427884356925,0.6662624887013453,0.1428800599837337,0.07836689812593978
10.940021985762016,14.871707545260369,0.7356264875749667,2.78252719354237,2.0469007059674036,0.25434383926867,0.18710206511754363
11.610212582690579,13.961827560968835,0.8315682550862937,4.937123079217261,4.105554824130968,0.4252396796401397,0.35361581839180556
8.516004944272362,15.16319512837145,0.561623382946401,1.2811435671938063,0.7195201842474053,0.15043950485907942,0.0844903436477377
11.066039577396232,16.224952973445607,0.682038314410362,2.1450330191374127,1.4629947047270506,0.1938392687044885,0.13220580809374657
9.998957074700265,14.902689908955422,0.6709498175018475,2.0390501303113986,1.3681003128095512,0.2039262810189154,0.13682430103347176
8.84135174557903,14.613070770788813,0.6050303789161607,1.5318402900351984,0.9268099111190377,0.17325860729397738,0.10482672082156143
8.106442398913794,13.136995789727882,0.6170697264935113,1.611441479523178,0.9943717530296666,0.19878528708710738,0.12266438273377547
10.368707024244436,14.532242480310334,0.7134966980005287,2.490361168688539,1.7768644706880106,0.24018049336966493,0.17136798894339383
9.839146106550658,13.754432672129976,0.7153436525584441,2.5130079093188487,1.7976642567604046,0.2554091464955227,0.18270531175094196
11.604837011770668,14.692459600971215,0.789849849987238,3.7585024323764307,2.9686525823891925,0.3238737802662993,0.25581165675813616
10.013790164057227,13.413675659045609,0.7465358801414254,2.945331593907532,2.1987957137661067,0.2941275526702459,0.21957677140652546
11.079546175364964,13.997316452242021,0.7915478808504253,3.7972647343654513,3.0057168535150263,0.34272746141972443,0.2712851957960288
10.873285979053719,13.173027293437979,0.8254204395727734,4.728047416048168,3.902626976475394,0.4348315150687907,0.35891882030817623
9.72168453420089,16.45033287249621,0.5909719037026209,1.4448198279097229,0.853847924207102,0.14861825878291424,0.08782921531790758
11.954917199895714,14.052883239960344,0.8507092100431805,5.698336851785949,4.847627641742768,0.4766521387396691,0.4054923644126164
8.36545576641895,13.143700721777048,0.6364612176963755,1.750738156912262,1.1142769392158864,0.20928186171758467,0.1331997885505384
8.657486028215299,16.809048748848365,0.515049135591831,1.0620645788937684,0.5470154433019374,0.1226758640363302,0.06318409772989286
8.1421949484981,13.057201581135962,0.6235788654945265,1.6565989747460872,1.0330201092515607,0.2034585250322042,0.12687243621477162
10.37076455150094,15.133946591315407,0.6852650423288918,2.1772765484950685,1.4920115061661767,0.2099436871488858,0.14386706966076487
11.330409332530229,15.110080857647972,0.749857624143377,2.997723282892226,2.247865658748849,0.264573255467973,0.19839227275709298
8.303260431913927,13.598122074277008,0.6106181711385613,1.5681732579150462,0.9575550867764849,0.18886234760115522,0.11532278128915265
10.63459628756857,16.796424925323958,0.6331464186485778,1.7258831611134364,1.0927367424648586,0.1622894856037861,0.10275300659435709
9.261102996880066,13.598543532133885,0.6810363900366037,2.135153882020454,1.4541174919838502,0.2305507111560855,0.15701342404611218
10.116042803764397,14.100526892261673,0.7174230353984894,2.5388588783597337,1.8214358429612443,0.25097352073431023,0.18005418504985454
10.271799825114794,13.913482218740798,0.7382623317173014,2.820619349752578,2.082357018035277,0.27459835644928526,0.202725622917988
9.638653839563062,15.159416087355208,0.635819597801189,1.7458918545926767,1.1100722567914878,0.18113440773507652,0.11516880627407296
9.411910290509446,13.641447866952623,0.6899495113939091,2.2252811614513135,1.5353316500574044,0.23643246618013225,0.16312646451863919
11.481647446604237,13.30826261382537,0.8627457828098806,6.285750634640517,5.423004851830637,0.5474606901032799,0.47231940164079167
11.132951847831865,13.064966642521506,0.8521224854565135,5.762353310353541,4.9102308248970274,0.5175943800992686,0.4410538096285121
10.698518058386377,15.496540730337696,0.6903810498456476,2.2297764704049166,1.539395420559269,0.2084191902314017,0.14388865935993486
8.558593561419752,16.145666442319392,0.5300861127037054,1.1280494725397858,0.5979633598360804,0.13180313616302375,0.06986701209081445
8.533029365192313,15.786620802303755,0.5405228561610272,1.1763868201253935,0.6358639639643663,0.13786274132889742,0.07451796270128452
11.192062464153501,14.275488597977704,0.7840055622151519,3.6297488502740958,2.845743288058944,0.3243145632808642,0.25426442151957546
11.571300888824808,15.744825767607141,0.7349272109845256,2.772548678852216,2.03762146786769,0.23960561612651993,0.17609268719609214
11.035964519152685,16.06569127582303,0.6869274611146368,2.194147923546136,1.5072204624314993,0.19881795739178376,0.13657351469513604
9.931610189130677,14.879906429211246,0.6674511184851,2.007076720404469,1.339625601919369,0.20208976008754834,0.13488503640481966
10.737399191862508,13.414136685102429,0.8004539870081485,4.011375496842602,3.2109215098344532,0.37358911829250796,0.2990408992400968
9.689225154207845,16.57339081930304,0.5846253949990003,1.4074654250892236,0.8228400300902232,0.14526088543602356,0.08492320252593981
11.262907265932668,16.754142496417256,0.672246118733988,2.0510698946944848,1.3788237759604969,0.1821083887371098,0.12242165751742236
10.885840913386598,13.320870690988679,0.8172019056344918,4.470516547073414,3.6533146414389224,0.4106725959568181,0.33560242800777546
10.975282049239318,14.359923934182834,0.764299455870612,3.2426715801345334,2.478372124263921,0.2954522321692205,0.22581398028269295
10.486637681563126,14.170210980554838,0.7400480977985071,2.8468654836958414,2.106817385897334,0.271475526297719,0.20090494683547552
8.815336390995537,13.264565066827151,0.6645778694275832,1.9813178942410379,1.3167400248134546,0.22475805872420973,0.14936923180361494
8.13356558606836,14.617093277632137,0.5564420662564137,1.2544969302208082,0.6980548639643945,0.15423702150623617,0.08582396694016498
8.647478961206435,13.44233872534723,0.64330167077999,1.803489442147637,1.1601877713676472,0.2085566730186097,0.1341648562051877
10.295334378055351,15.04898387479775,0.684121563536044,2.16577481892819,1.481653255392146,0.21036468942131392,0.14391502023968358
10.794203161810966,16.688819425528038,0.6467924954175981,1.8311969225634162,1.184404427145818,0.16964632730297735,0.10972597137472333
10.046279541003937,14.731384446012708,0.681964385480628,2.144301940873004,1.4623375553923759,0.21344239249177027,0.1455601100311651
8.204661077818406,16.986248385009443,0.4830178443086416,0.9343027394489148,0.45128489514027326,0.11387462938290475,0.05500347800597615
11.80851142470458,14.761733023224494,0.7999407255317761,3.998518577347102,3.198577851815326,0.33861326237799994,0.27087053878133893
11.206041561201607,15.527115581765775,0.7217078730554045,2.593346355066263,1.8716384820108585,0.23142394581554473,0.16702048370862596
11.837754572578644,13.462270736977832,0.8793282206145946,7.286941695010296,6.407613474395702,0.6155678976391352,0.5412862240984877
8.707188460629233,13.776631426307285,0.6320259424232216,1.717582882296936,1.0855569398737144,0.19726033151380915,0.12467364692773235
8.245619723961905,15.355448611765649,0.536983316634849,1.1597493911712147,0.6227660745363657,0.14065036103968803,0.07552689735698062
9.64691212895864,14.358206500948038,0.6718744523086276,2.0476139606800072,1.3757395083713795,0.21225589424966,0.14260931269826826
11.282654990123985,13.140809693601659,0.8585966354582838,6.071967511105327,5.213370875647043,0.5381683226528051,0.46206951113992656
11.859258438118268,16.503875091141413,0.7185741756179322,2.5533341767612114,1.8347600011432792,0.2153030216926746,0.15471119132086342
10.206846577511946,16.938518347306967,0.602582018582205,1.5162424619854489,0.9136604434032439,0.14855150907490694,0.08951446820179017
10.236769270397119,16.404131291513075,0.6240360485101254,1.6598294757707157,1.0357934272605904,0.1621438787890474,0.10118362540962189
9.981174452643959,13.303885157818073,0.7502450851192509,3.00392520995021,2.253680124830959,0.3009590929606973,0.22579308031571088
8.272878932874068,16.221815453194843,0.5099847767806251,1.040752924837827,0.530768148057202,0.1258029923177252,0.06415761095548979
8.832963493727217,16.00655303634902,0.551834206507084,1.2313171029993093,0.6794828964922253,0.13940022551590264,0.07692581283447669
10.690033037541982,13.395754241137942,0.7980165091946242,3.9508996800315965,3.1528831708369722,0.3695872282299371,0.29493670971497127
11.787441895165093,13.4698638561755,0.8750973299378174,7.006233970035642,6.131136640097824,0.5943812094555834,0.5201414093597916
9.901113634621897,16.36553572208512,0.6049978321980898,1.5316316757570059,0.9266338435589161,0.15469286913355335,0.09358885048230257
10.554462759812273,13.99170616763095,0.7543370789353372,3.0706183727937617,2.3162812938584247,0.2909308074386893,0.2194598954556
11.033977720646218,15.042159257576929,0.7335368235174257,2.752863766019828,2.0193269425024023,0.24948969770609644,0.18300988035565274
9.534366018093596,15.272740155401781,0.6242734388904932,1.6615100009087371,1.037236562018244,0.17426538877945838,0.10878925353294128
9.947170904814271,13.317648760668527,0.746916447758526,2.9512642806825795,2.2043478329240536,0.29669383475197103,0.2216055051247973
8.634354903997089,14.26382275940621,0.6053324588812073,1.5337781697608768,0.9284457108796694,0.17763668355245013,0.10752925044230756
8.828081420236913,13.546139694550265,0.6517045903334756,1.8711259816988415,1.219421391365366,0.21195159997160826,0.13812983063002168
9.291490020009453,16.86297252433852,0.5509995350226029,1.2271691857832274,0.6761696507606245,0.13207453090306165,0.07277300511591536
11.425633987203126,13.078837112951659,0.873597085775202,6.9112100075602365,6.037612921785034,0.6048863472522304,0.5284269501847554
8.215667712616295,15.203504114522476,0.540379878923349,1.175709796293339,0.6353299173699899,0.1431058116539784,0.07733150117480445
8.84843837905502,14.500647849610674,0.6102098658504137,1.5654830956194465,0.9552732297690328,0.1769219639168278,0.10795952786767922
9.145232928047232,14.902698555084584,0.6136628808697879,1.5884129442476829,0.9747500633778949,0.173687532810261,0.10658559175551058
10.447010950900369,14.018056861556015,0.7452538575122274,2.925476516481494,2.180222658969267,0.28003000381935694,0.20869344056553954
10.285076418640967,15.605924425163135,0.6590494826475781,1.9329769251130209,1.2739274424654428,0.18793996723346051,0.12386173817401494
8.53508274830686,13.319659648436037,0.6407883514733073,1.78387408677169,1.1430857352983828,0.20900489654017293,0.13392790310382657
10.61851966696862,16.578897382450016,0.6404840697192025,1.781517912763856,1.1410338430446536,0.16777460217036494,0.10745695999359546
8.189498599840315,16.243069130004965,0.5041841867626042,1.016877988361379,0.5126938015987748,0.12416852826389235,0.06260380844424
8.624345134913963,15.698890248030139,0.5493601776084858,1.21906709152571,0.6697069139172243,0.14135184439576254,0.07765307434254315
10.447089926767418,14.477743038094568,0.7215965844454145,2.591909955587215,1.8703133711418003,0.24809875034637655,0.1790272108551209
10.445621378160016,15.783082553562224,0.661823908144132,1.9570393179249461,1.2952154097808142,0.18735499278355772,0.1239960135343298
10.003790059912518,15.326328008057125,0.6527192981028122,1.8795150278636823,1.22679572976087,0.18788029502891412,0.12263309429862208
11.595272682979369,16.834137501898653,0.6887951747852592,2.213317786155692,1.5245226113704329,0.19088104667039077,0.13147794390452502
9.873332294804687,15.844175999004642,0.6231521472258921,1.6535908129465318,1.0304386657206397,0.16748051859012641,0.1043658447779432
9.844842100292668,16.19674300205511,0.6078285059560131,1.549904863528499,0.942076357572486,0.15743318661072517,0.09569237860549128
9.45804417516576,14.935285038466368,0.6332684077207917,1.7267898949885336,1.093521487267742,0.1825736762281796,0.11561814123675067
11.994381412733423,14.227216666889458,0.8430588845004069,5.371816568377792,4.528757683877385,0.4478610762431639,0.37757325934871344
9.00813255563038,13.341889287773904,0.6751766831017819,2.0785967262114546,1.4034200431096728,0.2307466851064778,0.15579478148692305
10.238828060188538,15.982368345353551,0.6406327171883262,1.7826684504389043,1.1420357332505782,0.17410864211798066,0.11153969248601178
10.94479616989044,14.084029306202027,0.7771068869525003,3.4864553521978703,2.70934846524537,0.3185491349568706,0.24754672660774563
10.841118982873754,14.812121638495887,0.7319085845675398,2.7300709475791787,1.9981623630116387,0.2518255681809235,0.18431329516521622
9.293818228977038,16.079429715042107,0.5779942693043888,1.3696360671492651,0.7916417978448763,0.14737065363285243,0.08517939326343071
9.50833657688689,13.02732477801037,0.7298763743832196,2.7020086551728815,1.972132280789662,0.284172592474376,0.20741086149427776
8.298155071885828,14.850606191051371,0.5587755115940051,1.266419988638176,0.7076444770441709,0.1526146447815624,0.08527732621455487
8.255208666978534,14.708478737757586,0.5612550974280499,1.2792287594407077,0.7179736620126578,0.1549601967734287,0.08697220033754051
11.118253353301979,13.081292538838174,0.8499353806431621,5.663795931951855,4.813860551308693,0.5094141815242751,0.4329691362788597
9.736213647516603,13.249540975860505,0.7348340342699514,2.771223042319266,2.0363890080493143,0.28463046751507104,0.209156154720242
10.936484007837585,13.890110334760557,0.7873576051061737,3.702731082855356,2.915373477749182,0.3385668630065942,0.266573194425182
11.994392203512144,15.199151931222708,0.7891487799969142,3.742680644605069,2.9535318646081548,0.3120358731899024,0.2462427286430833
8.87837677662144,13.498438071445015,0.65773363774606,1.9217010792841605,1.2639674415381004,0.2164473447831576,0.14236469946470193
10.260175139722206,14.25954764014892,0.7195301981974411,2.5654462390356225,1.8459160408381814,0.25003922487672875,0.1799107730326872
10.217412693103316,14.675378319487558,0.6962282314409249,2.291945149292332,1.595716917851407,0.22431756630906954,0.1561762224724959
11.439095492739948,13.80499811055201,0.8286198521096749,4.834981544303201,4.006361692193526,0.42267166555011443,0.3502341329990858
8.333683828620362,14.937259598185221,0.5579124988651097,1.261995639851575,0.7040831409864653,0.1514331075913277,0.08448642346718666
9.558943031162478,14.375764852165368,0.6649345707489539,1.9844917222145142,1.3195571514655602,0.20760576935598465,0.13804425313172797
9.990902647871755,13.497296016402991,0.7402151242537773,2.8493387928282434,2.1091236685744663,0.28519332969731265,0.2111044159782448
11.584643003142967,13.477163704455712,0.8595757428777796,6.121276768654256,5.2617010257764765,0.528395805290981,0.4541962168664976
10.724033514895911,14.806697968118089,0.7242690799790064,2.626724198808976,1.9024551188299694,0.24493808184769283,0.17740107919165105
9.490728854169312,16.735929929816056,0.5670870333450079,1.3099331205686549,0.742846087223647,0.1380223943489015,0.07827071014649332
9.957478934516361,16.521132065137234,0.6027116601487955,1.5170635523170093,0.9143518921682138,0.1523541814442908,0.09182564162889933
10.888887972777002,16.034810171983402,0.6790780717692848,2.116022658573478,1.4369445868041932,0.1943286278510428,0.13196430989065708
10.414526128362413,15.171465656118906,0.6864548465139266,2.1893333029764617,1.502878456462535,0.21021919538078052,0.14430598549939486
10.586027122848146,13.603034150898488,0.7782107289754127,3.5087843761799506,2.730573647204538,0.3314543157183902,0.257941304657255
8.231365523238576,16.93344799749931,0.48610097154780074,0.9459075511620972,0.4598065796142965,0.11491502211773195,0.05586030389686651
9.096231375450268,15.972902010754545,0.569478944360003,1.322766765758846,0.753287821398843,0.14541920836895691,0.0828131772716209
8.194428363527603,16.403547209135603,0.4995522163013554,0.9982104678520696,0.4986582515507142,0.12181575377423301,0.060853329778338294
9.980587041039291,15.942779831041465,0.6260255204432129,1.673979254373566,1.047953733930353,0.16772352643089145,0.10499920792446978
9.038570966377959,16.525563178977855,0.5469448071746149,1.207236592441876,0.6602917852672611,0.13356498465660152,0.07305267477828532
9.060010082883958,16.652441451383318,0.544064971453861,1.1932949595663795,0.6492299881125185,0.13171011385745976,0.07165885933604363
9.833229403400509,14.216387446097563,0.691682710581988,2.2434120119816408,1.5517293013996527,0.22814600574718905,0.15780464766366953
9.682138881959881,15.890671549309282,0.6092970238492365,1.5594890774881693,0.9501920536389329,0.16106865399275225,0.09813865151318639
8.522161381940638,14.791151736121824,0.5761661792116205,1.3594152966365103,0.7832491174248898,0.15951531961331492,0.09190733222732411
9.90694222550917,15.967283204273517,0.6204525903854236,1.6347169672834336,1.01426437689801,0.1650072171688088,0.10237915532467755
10.811427252288002,13.29898563026578,0.8129512695828017,4.34620041402887,3.5332491444460685,0.4020006158862228,0.32680691105777304
9.795489850868476,14.183087671097587,0.6906457943448947,2.232540504443266,1.5418947100983713,0.22791514650442185,0.15740863740077948
9.308150468932771,16.494586734486678,0.5643154702064408,1.2952387142913495,0.7309232440849087,0.1391510288337502,0.07852507826602774
10.748111665579435,16.330333455207942,0.6581685361820785,1.9254182421681807,1.267249705986102,0.17914014127098118,0.11790440455177241
8.032952170573848,14.047680125328421,0.5718347868763167,1.3355470490105694,0.7637122621342527,0.1662585585786156,0.09507242741116627
8.507821921030525,16.013061777281788,0.5313051332319736,1.1335842803137317,0.6022791470817581,0.13324024536898443,0.07079122631762913
9.83183049407813,16.46833449203231,0.5970142578070026,1.4814773707827142,0.8844631129757117,0.15068174453119712,0.08995914987635702
10.96424182733829,16.29249689710409,0.672962646338581,2.0577546839964276,1.3847920376578466,0.18767870285983776,0.12630075653794864
10.443585352317688,13.31140978631051,0.7845589250101744,3.6416404116402874,2.857081486630113,0.34869638048509055,0.27357285742832144
9.359786545933765,13.128312380139139,0.7129466663280728,2.4836731808971027,1.7707265145690299,0.2653557502308748,0.1891844975180869
8.932258582039317,14.420524754814164,0.6194128670010682,1.627519202029373,1.0081063350283048,0.1822069062467508,0.11286130218569476
11.659792471611729,15.15952989446274,0.7691394490979997,3.331619222482482,2.5624797733844824,0.2857357221917993,0.21977061595421962
11.71430177154818,16.847795705096214,0.6953017460916133,2.2819354465374424,1.586633700445829,0.1947991003680502,0.13544415462298073
10.183627574853833,15.315780431732621,0.6649107840273337,1.9842798643856432,1.3193690803583094,0.19485000308587225,0.1295578683195557
8.99980437488417,14.100194705596063,0.6382751843357412,1.764532475228814,1.126257290893073,0.1960634255732391,0.12514241909925608
11.94974900756471,13.162487164208045,0.9078640577944068,9.853527690296895,8.945663632502487,0.8245803057502867,0.748606822355808
9.804425426085588,16.620725135032245,0.5898915568623635,1.4383794499553622,0.8484878930929987,0.14670716410656962,0.0865413174376866
11.713305404855461,13.31784745875953,0.8795194149150045,7.300092494525401,6.420573079610397,0.6232307826191682,0.5481435732862311
8.137684172038911,13.202524218430739,0.6163733568978192,1.60670111938405,0.9903277624862307,0.19743960141690878,0.12169650990990749
9.604318976017787,16.45594924175142,0.5836381016325736,1.4017567503679962,0.8181186487354226,0.14595066593146439,0.08518236959624981
9.828384099902042,14.408415687421053,0.6821280224780365,2.145920592924567,1.4637925704465307,0.21833910550422578,0.14893522226722092
11.298413530510857,16.881266830402915,0.6692870650064354,2.023770449194735,1.3544833841882995,0.1791198776473913,0.11988261719493433
10.002213109301575,14.855056962148426,0.6733204143738939,2.061103429782502,1.3877830154086084,0.20606473859927815,0.1387475951815141
8.790590304689884,14.474866197203406,0.6073002807023015,1.546474954930941,0.9391746742286394,0.1759239028698537,0.10683863559510658
11.99981166882954,16.907505873871028,0.7097328108798193,2.445101745846877,1.7353689349670576,0.2037616767101622,0.14461634756108843
11.954749623409693,16.737575557647244,0.7142461930782847,2.4995159321672964,1.7852697390890118,0.20908141206677927,0.14933560261212925
10.959154810645263,15.534869864806383,0.7054552053553267,2.3950693347215957,1.689614129366269,0.21854507725314054,0.15417376235301
9.189562858301269,13.858340957429299,0.6631069971889275,1.96830148342616,1.3051944862372324,0.21418880460109385,0.14203009505051728
10.734228817187951,13.370245866132366,0.8028445343984583,4.072139374624469,3.269294840226011,0.37936021711257395,0.3045672768770425
8.467944006152816,13.91305957573496,0.6086327712504958,1.5551449547658804,0.9465121835153847,0.18365083113869324,0.11177591429839971
10.455951487343517,16.91910595954837,0.6179966903891074,1.6177783669429382,0.9997816765538308,0.15472320896870934,0.09561843106904463
11.291449320684473,15.81865539722019,0.7138058853389472,2.4941319502126245,1.7803260648736772,0.22088678604293052,0.15767028787104861
9.162228194615336,13.115489703841726,0.698580716504362,2.3176377715544256,1.6190570550500636,0.2529556918170306,0.1767099684333978
10.391845255339234,14.035752636961558,0.740383898471785,2.8518412152156913,2.1114573167439064,0.2744306853251536,0.20318406066132086
8.325390666597764,16.28975919713038,0.5110812606772219,1.0453296623180002,0.5342484016407782,0.1255592324948737,0.06417097083314446
11.225809737944365,16.759886372848563,0.6698022580946885,2.028488305915681,1.3586860478209926,0.1806986180301263,0.1210323423911682
9.330334353828302,15.439979430292485,0.6042970715053313,1.5271483428343466,0.9228512713290153,0.16367562885972536,0.09890870319672553
10.646890665285465,14.917795224207183,0.7137040363718562,2.4928889228031603,1.7791848864313042,0.23414243662060943,0.16710840210207048
9.757670859683591,14.259657478708654,0.6842850800766387,2.1674144517552305,1.4831293716785918,0.222124160870242,0.15199624920804972
9.424455186486057,14.942999813670124,0.6306936561602843,1.7077791017692738,1.0770854456089896,0.1812071963818235,0.1142862292086069
11.564658047217403,13.72039196930633,0.842881025052966,5.364603640884926,4.52172261583196,0.4638791409985283,0.39099492586552886
10.489584399851266,15.006652135775598,0.6989956390635776,2.322211003485157,1.6232153644215792,0.22138255577771832,0.15474544105337434
11.008062555199805,13.572512811448721,0.8110556024610458,4.292562325346706,3.48150672288566,0.3899471231946313,0.3162687989305733
11.53558856174071,15.267498688829223,0.7555650599256942,3.091068157833778,2.3355030979080835,0.2679592932159275,0.2024606794363389
9.536065689453299,15.993315082570017,0.5962532245641794,1.4767999668122662,0.8805467422480868,0.15486470153467777,0.09233857766122083
10.1431106906814,14.7519726228062,0.6875765668789536,2.200784236989537,1.5132076701105834,0.21697330376286086,0.14918575930565225
8.980687549604419,14.602820100421155,0.6149967943072454,1.5973809703756945,0.9823841760684491,0.17786844955384915,0.10938852628401721
9.341733498546628,16.370570500019767,0.5706419027079934,1.3290582064413698,0.7584163037333764,0.1422710470865116,0.08118582100970549
11.511532183621828,15.95477975164974,0.7215099401438948,2.590792434447019,1.8692824943031239,0.22506060819020254,0.16238346594406158
11.701602362234919,15.72222986659634,0.7442711664645165,2.9103920593343875,2.1661208928698708,0.24871739521137892,0.18511318585398914
10.69050684546315,13.999743018569069,0.7636216487176519,3.230505858827676,2.466884210110024,0.302184536760167,0.2307546541777786
8.900214594713946,14.24212246078673,0.624921925732571,1.6661115874424706,1.0411896617098995,0.18719903545157382,0.11698478172967733
10.817829223421182,14.077026032479935,0.768474051156913,3.319170291696911,2.550696240539998,0.3068240608301274,0.23578632901854316
8.697773940890587,13.136085148444565,0.6621283162069397,1.9597034849847912,1.2975751687778514,0.2253109241862099,0.1491847428544446
11.706027218064301,16.66604417593536,0.7023878668800729,2.3600780637429044,1.6576901968628315,0.2016122139286436,0.1416099728783089
10.517537617598258,16.62678968854279,0.6325657456800393,1.721575324681631,1.0890095790015917,0.16368615804150202,0.10354225661902348
9.921519698835313,13.812920596023936,0.7182781968421098,2.549601020548462,1.8313228237063521,0.2569768642245159,0.18458087866532494
10.933968219176883,15.676086582725162,0.6974934822844095,2.3057138985024337,1.6082204162180243,0.21087622099161446,0.14708478971041788
11.604729415820486,16.026452979313966,0.7240984284419772,2.6244809855666142,1.900382557124637,0.22615615509213974,0.1637593164846985
11.993509911355174,14.144952933960036,0.8479003053138797,5.574635156655933,4.726734851342053,0.464804314821802,0.3941077204486146
11.23462758849287,15.717117538345608,0.7148020342205466,2.5063363697808083,1.7915343355602618,0.22309029382940448,0.15946539584411776
8.361989927629146,16.611011948906302,0.5034003920621895,1.0136947029672858,0.5102943109050964,0.12122649174903946,0.061025463474790244
10.915511228068164,15.186379124591154,0.7187698356873485,2.5558063355119756,1.837036499824627,0.23414444656883965,0.16829596538739003
8.169711544194548,15.816923218860504,0.5165171146846547,1.068325540308967,0.5518084256243124,0.13076661697659647,0.06754319569782499
9.603591424984867,13.322071550671946,0.7208782349243932,2.582665793651477,1.8617875587270838,0.26892707939785626,0.19386367831969878
10.766995899706867,13.671298220127111,0.7875620680891532,3.70725727277211,2.9196952046829567,0.3443167720415906,0.2711708290668566
8.2880296562345,16.94170185830706,0.4892088011908091,0.9577471231518928,0.4685383219610837,0.11555787839531284,0.0565319311579243
8.742335343574752,13.950599271562918,0.6266637850744692,1.678550754042089,1.0518869689676198,0.19200255859273954,0.1203210501117087
9.766001735326588,15.597514688248246,0.6261255033588563,1.6746943399025982,1.0485688365437418,0.17148208502203324,0.10736930680144674
9.28777577128503,13.641367087732858,0.6808537378659915,2.1333595866465234,1.452505848780532,0.2296954232295552,0.15638898747655355
11.880607863126144,15.354555534118498,0.7737513363201501,3.4199156084963076,2.6461642721761574,0.2878569554602255,0.22272970395639943
9.807839118025228,14.582341841147866,0.6725832671368231,2.054211650257615,1.3816283831207916,0.20944589583268192,0.14086980490754392
8.443763320703347,16.36153537952049,0.5160740190234402,1.0664317257403826,0.5503577067169424,0.1262981546540496,0.06517919626755939
9.430890627597526,13.271029397990105,0.7106374603484664,2.4558723503196216,1.7452348899711552,0.26040725603720033,0.18505515108658888
9.270402323073112,13.851453428150982,0.669272894080012,2.0236408873058247,1.3543679932258126,0.21829051391536516,0.14609592399834956
11.835741439653694,15.472049119730988,0.7649756892614804,3.254878981913354,2.4899032926518734,0.27500423175927285,0.21037155173987362
10.539187357325213,15.19534734661232,0.6935798910628286,2.2634933897404257,1.569913498677597,0.21476925240988293,0.14895963469009174
10.850668649832512,14.96087198491107,0.725269801170417,2.6399347587569233,1.9146649575865062,0.2432969657402332,0.17645594196778466
10.286069607893793,15.951038525998136,0.6448526590371421,1.815732752746647,1.170880093709505,0.17652347514284825,0.11383163232834255
10.160985740301284,13.792705513133845,0.7366927199761987,2.797844100283161,2.061151380306962,0.2753516412473778,0.20284954954044124
10.228309489855818,15.600588489537978,0.6556361317212551,1.9039051193098786,1.2482689875886235,0.1861407421429831,0.12204059613434903
10.187707177274152,16.146610103355123,0.630950218780426,1.709661544020883,1.078711325240457,0.16781612528426876,0.10588362096299274
10.24574125900639,16.634518935301813,0.6159325255425846,1.6037091566077875,0.9877766310652029,0.15652446378128737,0.09640850828600714
10.564376468665289,13.06026169225085,0.8088947003974305,4.2327172615288085,3.423822561131378,0.40065944962140987,0.32409130546290976
9.25857908399932,14.713678098599214,0.6292498056540169,1.6972339199013409,1.067984114247324,0.18331472945287047,0.11535075788173745
10.762549855933496,16.7390899833863,0.6429590776210311,1.8007993967105658,1.1578403190895346,0.16732088778364804,0.10758048367610638
9.96873361724036,16.616623996067982,0.5999253289717139,1.49953339317824,0.8996080642065261,0.15042365968982077,0.09024296352454486
9.580635667862113,15.930284854116962,0.6014101916944774,1.50884488053315,0.9074346888386726,0.15748901563959,0.09471549908558037
8.145889712563116,16.58234095374844,0.4912388266098061,0.9655587971392836,0.4743199705294775,0.11853325188654795,0.058228135570992406
10.760211914826124,15.397791198932627,0.6988152895313986,2.3202216621293275,1.6214063725979289,0.21562973670921612,0.15068535689003013
9.795453184066517,15.51250566937184,0.6314552524810243,1.7133747169969145,1.0819194645158903,0.17491530864380267,0.11045119038246871
9.358304235082734,14.296128682450712,0.654604084990545,1.8952282193975156,1.2406241344069706,0.20251833791560425,0.13256933128505013
10.980831998333404,16.65717555856434,0.6592253266303346,1.934490377796417,1.2752650511660826,0.17616974543368125,0.11613555797590143
9.216939297996474,13.461256447380261,0.6847012635131999,2.1715953293769856,1.4868940658637857,0.23560916039113275,0.16132188981509277
9.871801783648857,14.395294118724943,0.6857658969821208,2.1823407784071804,1.4965748814250597,0.221068131860376,0.15160098573939249
9.486072375654631,16.568086074068038,0.5725508868825832,1.3394597609688057,0.7669088740862225,0.14120277686331378,0.08084577512337379
11.317996219411611,14.361372040143348,0.7880859981744921,3.7188953603141806,2.9308093621396885,0.3285824882973423,0.2589512582724694
8.900128600550502,14.503029824433355,0.613673743230976,1.5884857228274756,0.9748119795964996,0.17847896295894225,0.1095278532869968
9.534375041880107,13.081196161807394,0.7288611013813256,2.688146573931411,1.9592854725500852,0.28194260894118645,0.20549700047919753
11.523824264141219,16.86575081949893,0.6832677885183877,2.15724123960172,1.4739734510833324,0.1871983805163036,0.12790662346959839
8.550104293400544,16.06524932503077,0.5322111173263206,1.137716472192395,0.6055053548660743,0.13306463092743198,0.07081847590250305
11.696315729468642,14.538889169428987,0.8044848263966795,4.114692540584567,3.3102077141878876,0.3517939012382915,0.2830128555650976
11.724424162324311,16.479263250174956,0.7114653115453955,2.4657877891771447,1.7543224776317492,0.21031205925667518,0.14962973476080407
8.818578063052005,14.23956865961746,0.6193009264431548,1.6267466076475285,1.0074456812043737,0.18446813035122478,0.11424128402575015
8.914066313749805,14.431867900566816,0.6176654591883911,1.6155104842927046,0.9978450251043135,0.18123159817655893,0.11194049830717026
8.906367944263774,14.709213939433045,0.6054958464087078,1.5348275573189625,0.9293317109102547,0.17232923307502493,0.1043446348417257
11.810366754827351,16.254641513093922,0.7265842648891095,2.657433979044496,1.9308497141553862,0.22500859069074214,0.1634877014607674
10.606749601247145,15.663375574571136,0.6771688229494273,2.0975942569615764,1.4204254340121492,0.1977603258131917,0.13391712705701425
10.793847313000489,15.109486623081303,0.7143755166712131,2.501100425095156,1.786724908423943,0.23171537937939354,0.16553179386482045
8.476078150003413,14.15086733755668,0.5989794086690174,1.4936375378656042,0.8946581291965867,0.17621799981457256,0.1055509533257697
9.541723103160741,15.034586107117356,0.6346515318199348,1.7371128856277052,1.1024613538077703,0.18205442212552556,0.11554111787655783
10.266852634272013,14.842659105317535,0.6917124863828347,2.243725275366846,1.5520127889840114,0.21854071109163642,0.15116733864506854
11.530249221048136,14.158685033270787,0.8143587624100528,4.386734181382939,3.572375418972886,0.38045441146016884,0.3098263836701481
10.70832849299275,16.87493256889099,0.6345701500895832,1.7365033268222194,1.1019331767326364,0.16216380810119355,0.10290431204587276
9.422844343085249,14.283956040377667,0.6596802956022055,1.9384134596894085,1.2787331640872028,0.20571426090805284,0.13570564444541353
11.914107897191279,14.835754617779953,0.8030671984094953,4.077874238946569,3.2748070405370733,0.3422727302904414,0.27486800260631356
10.4736857536431,14.716849198638252,0.7116798991602243,2.4683672664075433,1.756687367247319,0.23567322186928916,0.1677238947747009
10.385102606585424,15.792887260818187,0.6575810005527386,1.9203986975437026,1.2628176969909641,0.1849186060353352,0.12159896197753342
8.159492794170788,16.891972447384152,0.4830396698542062,0.9343844037664917,0.45134473391228547,0.11451501059404379,0.05531529291069784
9.42349103312073,14.653296227248081,0.6430970129162864,1.8018818451789658,1.1587848322626795,0.1912117111212707,0.12296768025670107
8.997080630148343,16.543698026017182,0.5438373340712112,1.192200446662834,0.6483631125916228,0.13250969905370039,0.07206372147194291
8.865751551117842,13.60258712929399,0.6517695102297792,1.8716612398295398,1.2198917295997607,0.2111114020100812,0.13759597509203267
8.083086738206239,13.409207208620158,0.6028012404051746,1.5176312257875129,0.9148299853823383,0.18775392061724908,0.11317829623901242
9.405011728369757,13.587837658019145,0.6921639752458475,2.248482697236723,1.5563187219908756,0.23907282225436097,0.1654775950248224
9.754049671231954,16.87302953752317,0.578085260239743,1.3701471073710918,0.7920618471313488,0.14046956428898724,0.0812033846277625
8.250389183150046,13.901731408659082,0.5934792538151803,1.4598990565302223,0.866419802715042,0.17694911405049918,0.10501562816994749
9.32795730156721,14.71163741125141,0.6340529637056729,1.732635875743809,1.098582912038136,0.18574654875968452,0.11777314973917824
11.78036712243292,13.126781957764516,0.8974299382999054,8.749433542546823,7.852003604246918,0.7427131473590155,0.6665330140089298
10.165377338068426,13.95839220813676,0.7282627674083214,2.680025701529953,1.9517629341216316,0.2636425203315864,0.19200103146318578
11.339348414336133,15.578046865195507,0.7279056554689485,2.6751958285773174,1.947290173108369,0.23592147721602025,0.17172857751212983
8.707270345363305,13.476304441421423,0.6461170703891356,1.825793267563419,1.1796761971742833,0.20968606637276047,0.1354817469061898
9.331568217016557,13.984216894361907,0.667292869347501,2.0056464315592475,1.3383535622117466,0.21493133682523546,0.1434221484628056
8.978903292686677,15.253119420447439,0.5886601320809228,1.4310796934391243,0.8424195613582015,0.15938245983835683,0.09382209985982952
11.570729187152304,14.446741159217815,0.8009231327419155,4.023185334253798,3.2222622015118825,0.34770369863301176,0.27848393557510265
9.319720717075523,15.53691926295141,0.5998435442281586,1.499022533751582,0.8991789895234233,0.16084414750809903,0.09648132350961487
8.295655484870899,16.669113931358353,0.4976662538291795,0.9907083838638748,0.4930421300346953,0.11942496716150607,0.05943377602093951
10.145768245839442,15.31088155892678,0.662650821691198,1.9642876411117924,1.3016368194205943,0.19360659474133995,0.1282935690901837
10.267444624275708,13.880892392691607,0.7396818831101661,2.8414537257243535,2.1017718426141876,0.27674400298261137,0.20470252526562344
9.454475646894755,15.304385835758806,0.6177624994793522,1.6161744952755672,0.998411995796215,0.1709427953105349,0.10560204849902334
10.31541651664472,16.57567480035927,0.622322568515952,1.647762128837283,1.025439560321331,0.15973781826245131,0.09940844935022305
9.731585549499323,16.645954696368644,0.5846216529486465,1.4074437367732349,0.8228220838245883,0.1446263540113097,0.08455169814202798
9.83081549571823,15.141498414255585,0.6492630535471051,1.8511396079406288,1.2018765543935237,0.1882996999330203,0.12225603816051638
10.31092012556958,15.34537357219628,0.6719236958982582,2.048071401370956,1.3761477054726976,0.19863129346643243,0.13346507282701683
8.603898375453406,15.892604644916922,0.54137748768609,1.180442462265213,0.639064974579123,0.13719855939174855,0.07427621139765563
8.09567237578717,15.831649597116208,0.5113600023879904,1.0464964081675954,0.535136405779605,0.12926615104849037,0.06610153930884237
9.183683400951208,15.180959178497282,0.6049475064763512,1.5313091712965927,0.9263616648202415,0.16674237388649374,0.10087038330658184
9.880325946526451,14.2827652056957,0.6917656213088458,2.2442844443448133,1.5525188230359674,0.22714680229085144,0.1571323488150484
8.718354305414012,16.125715205970934,0.5406491553432515,1.1769852208441098,0.6363360655008583,0.13500084759267167,0.07298809422160096
10.771308791975368,16.071455165737664,0.6702136602377148,2.032266287077914,1.3620526268401991,0.18867403454183335,0.12645191528209915
10.679287324343788,16.742762818503977,0.6378449865240353,1.7612485338860773,1.123403547362042,0.16492191664056582,0.10519461769711978
9.929416479056833,14.643888957389123,0.6780587115860759,2.106156420403856,1.4280977088177802,0.21211280892952472,0.14382493793365703
9.289052567617112,15.935088224485307,0.5829307272578431,1.3976832275971243,0.8147525003392811,0.15046563870998386,0.08771104420052676
10.741744533912227,15.71699558347032,0.6834477032753893,2.159035680192725,1.475587976917336,0.20099488247710054,0.13736949079908115
9.575558513380471,14.092587142400438,0.679474848487574,2.1198799697353308,1.4404051212477569,0.2213844724329241,0.1504251808638626
10.436008144565854,15.131020137149822,0.6897094875277622,2.2227862593429166,1.5330767718151543,0.21299200120884787,0.14690260400126695
11.123514531624766,15.828973605292246,0.7027312578186206,2.363959468667738,1.6612282108491172,0.2125191154240749,0.14934382529246074
9.329736596595524,16.081672117483475,0.5801471717889668,1.381786980597315,0.8016398088083483,0.14810567975751185,0.08592309123720293
8.930769103837303,15.064659862889123,0.5928291235992464,1.4559713328213602,0.8631422092221137,0.16302866146161699,0.09664813849584863
10.511781639044006,16.776235881636012,0.6265876155538951,1.6780043770731747,1.0514167615192798,0.15963082517244725,0.10002269811370443
8.232642076537875,16.336098569182962,0.5039539913200722,1.0159420346132593,0.511988043293187,0.1234041301890899,0.06219000395417368
10.520909439465182,16.21388839379613,0.6488825619085158,1.8480499443022491,1.1991673823937332,0.17565496166804687,0.11397944153910439
11.667542822788977,14.713478665802292,0.7929832970028488,3.830528095183513,3.0375447981806643,0.3283063240789438,0.26034143129500664
11.62470160122417,16.24943784424844,0.7153910007624531,2.5135923413488306,1.7982013405863775,0.2162285474135637,0.15468795692760087
10.744794639472676,16.405461016225154,0.654952313064898,1.8981501336309032,1.2431978205660053,0.17665764654614738,0.11570233422600042
11.929144358955948,16.991803812720576,0.7020528538603672,2.3562999778871867,1.6542471240268195,0.19752464275597154,0.1386727391545793
9.819583931274552,13.653148275465927,0.7192175557720917,2.561476226727017,1.8422586709549253,0.2608538451989732,0.1876106649577571
10.792912399015702,15.395926868610509,0.701023880609649,2.3447487446125224,1.6437248640028734,0.21724893688809704,0.15229669279561453
10.439193984912293,15.715663042807673,0.6642541238302908,1.9784431350529257,1.3141890112226349,0.18952067927010055,0.1258898927562822
8.871071216797308,15.53521512741355,0.5710298276554505,1.3311644129811397,0.7601345853256892,0.1500567834987718,0.08568689921983491
11.125957592802465,15.367368261695809,0.7239988918944994,2.6231738592069456,1.899174967312446,0.23577061455850892,0.17069766368164557
11.193882691627605,15.054252577308077,0.7435694754119262,2.8996917453816593,2.156122269969733,0.2590425346828465,0.1926161216234999
8.446039968582369,16.719907824570633,0.5051487159618515,1.020809144597287,0.5156604286354356,0.12086245724558482,0.06105351508560135
9.475032525691402,15.469846879868602,0.6124839243251696,1.5805381060865011,0.9680541817613315,0.16681083698666963,0.10216895605756157
8.598564894202516,15.23364021802351,0.5644458429594011,1.295925739280197,0.7314798963207959,0.15071418954504376,0.08506999776369517
9.396921096578861,16.34018003719555,0.5750806340681939,1.3533876781706546,0.7783070441024608,0.14402458680464847,0.08282575070102687
11.066152589655838,13.011370430462286,0.8504986195572225,5.688901447186006,4.838402827628784,0.5140812401686694,0.43722538510371833
10.712714708423551,14.365235073401852,0.7457389074167554,2.932965086558031,2.1872261791412755,0.27378355219819317,0.20417104708495878
8.264809248843196,15.565941323080304,0.5309546706686219,1.131990103015193,0.6010354323465712,0.136965061011376,0.07272223886240285
10.314319145459214,13.246936657985238,0.7786191941396319,3.517103441346815,2.7384842472071833,0.34099230319969187,0.26550315232516114
10.345285877667536,16.00825434508284,0.6462469707601338,1.8268309168935453,1.1805839461334116,0.1765858322810723,0.11411805919080004
9.934563278090604,15.080384912046036,0.6587738533222047,1.9306077794333143,1.2718339261111096,0.19433242563274225,0.1280211208595324
10.976137104053654,14.202406561376609,0.7728364243496041,3.402114190784693,2.629277766435089,0.3099555115367719,0.23954490924353128
9.94753888938491,16.879503986454935,0.5893264930869637,1.4350243762175747,0.845697883130611,0.14425923760387602,0.0850157905924913
9.19864230735478,15.192781192395156,0.605461382670292,1.5346061350550133,0.9291447523847213,0.16682963461118802,0.1010089012420695
9.367498754385805,15.197119235564971,0.6163996352982195,1.6068796904753269,0.9904800551771074,0.17153775331146917,0.10573580858106554
11.877781486971871,13.422927902302028,0.8848875277751314,7.687155967309355,6.802268439534224,0.6471878587546842,0.5726884643395135
10.251479369494339,14.918306074675552,0.6871744900647033,2.196670246639525,1.5094957565748217,0.21427836583042134,0.14724662677141773
11.933079880608801,15.511121426158613,0.7693241225282621,3.3350870102250663,2.5657628876968044,0.27948250104690636,0.21501262987991532
11.43188218723655,16.893062370277836,0.6767205339483118,2.0932988482482613,1.4165783142999495,0.18311060365767104,0.12391470547881683
9.547409808943637,15.815792486507053,0.6036630676008699,1.523105767476023,0.9194426998751533,0.15953078352719682,0.09630284216079796
11.043683299295976,14.363891929461646,0.7688503473521949,3.326201612440518,2.557351265088323,0.3011858926317237,0.23156687816748164
10.009245588760152,14.588377514660964,0.6861109522769824,2.1858390958655596,1.4997281435885772,0.21838200256772,0.14983428374189278
11.73623027960564,13.476870923630878,0.8708423747701606,6.742477443515034,5.871635068744873,0.5745011202814941,0.500299919894054
11.86206779522162,14.883062856066074,0.7970179196271318,3.9265432601885273,3.1295253405613956,0.3310167609875111,0.2638262902039776
8.756639088004063,13.814619614795022,0.6338675498980788,1.7312520365830113,1.0973844866849325,0.1977073645703517,0.12532028277701507
10.641836841349788,13.903453273292264,0.7654096167455136,3.2627493340815596,2.497339717336046,0.30659644408415115,0.23467186676198737
8.21446157977062,13.815966503802532,0.5945629339438379,1.4664740442391557,0.8719111102953179,0.17852345281528548,0.10614342788364042
8.330236443942038,14.011427313125811,0.5945316103619457,1.466283502131105,0.8717518917691592,0.17601943378178947,0.10464911742128516
11.420012827147701,15.186463737561478,0.7519863099466655,3.0320354887867413,2.280049178840076,0.26550193372628916,0.19965381942653634
9.509547075674696,14.064067064850814,0.6761591104354969,2.0879361816995585,1.4117770712640616,0.2195621058589082,0.14845891818290377
8.312034953773164,15.854441464685689,0.5242716983936304,1.1020401700368605,0.5777684716432301,0.13258367850541827,0.06950987030931072
10.135106001636725,14.364368841666652,0.7055726647896895,2.396423770522857,1.6908511057331674,0.23644782502875225,0.16683112198926295
9.15072299071425,14.800996533051356,0.6182504651143073,1.6195185812064707,1.0012681160921635,0.1769825819063572,0.10941956358073632
10.861632332749002,16.11547737114701,0.6739876258456706,2.067368232859207,1.3933806070135364,0.19033679004451912,0.1282846412331913
10.297579635536465,14.386394223238469,0.7157860041748817,2.51847556661255,1.802689562437668,0.244569661585467,0.17505954080866445
11.286701697870692,13.172407737003546,0.8568442401129458,5.9853982877739,5.128554047660954,0.5303053494275554,0.4543890841580839
11.42100863789851,14.208149109894153,0.8038350772899224,4.097751352202516,3.2939162749125934,0.35879067095745676,0.2884085267199904
8.443134601264406,13.254434088367248,0.6370045333489207,1.7548553408277852,1.1178508074788644,0.20784405599372843,0.13239760589763191
10.202359001436916,14.055240071102238,0.7258758263697752,2.647981813340305,1.92210598697053,0.25954603371312057,0.18839819170250896
11.509597960953942,13.360529321017406,0.8614627223524917,6.2182737886937645,5.3568110663412725,0.5402685488919007,0.46542121492984695
9.586999221495859,13.12915420932853,0.7302069172654018,2.7065442518543863,1.9763373345889845,0.2823140160255572,0.20614764734283736
11.514799917773775,13.219366588986272,0.8710553444646388,6.755265201555909,5.88420985709127,0.5866593644522435,0.5110127747863551
8.07239391863274,15.138096685459155,0.5332502550592538,1.1424757288875431,0.6092254738282893,0.14152873861252918,0.07547023596334565
9.649547009884106,14.525079661401499,0.6643369423664172,1.9791780097874874,1.3148410674210702,0.20510579488966685,0.13625935663863478
11.299362241290705,13.587062819096282,0.8316265547407148,4.939178820389752,4.107552265649037,0.43712014137760385,0.36352071718163087
10.189900599488142,15.054231404682302,0.6768794982332202,2.094820645957572,1.4179411477243515,0.2055781237024823,0.1391516172194631
8.550701290660786,15.62093930781024,0.5473871399260583,1.2093936964951317,0.6620065565690735,0.14143795407939827,0.07742131716051498
9.118174757732952,16.577561987385693,0.5500311061826348,1.222375843619722,0.6723447374370872,0.13405926910789334,0.07373676808145012
8.046176610650694,13.958890107137433,0.5764195110710513,1.3608263981387956,0.7844068870677443,0.16912708532117912,0.09748815182970604
10.15009712443197,15.967699479191218,0.6356643383512678,1.7447217093014966,1.1090573709502287,0.17189211964305579,0.10926569050070001
9.399849649506182,15.626727133478958,0.6015238871975814,1.509560718626671,0.9080368314290896,0.16059413447171203,0.09660120802855533
8.175875632528822,15.36061200488675,0.5322623623282581,1.1379506788842157,0.6056883165559577,0.13918395166833578,0.0740823789131705
9.804758272420543,14.235140764132389,0.6887714308470436,2.213072638934185,1.5243012080871414,0.22571414587132235,0.15546545521420904
8.949175402992351,15.991677370046942,0.5596145542402273,1.2707380764474523,0.711123522207225,0.1419949905130425,0.0794624633203016
10.747747516503384,14.617895591372086,0.7352458805935803,2.7770894830343185,2.0418436024407383,0.25838804631110296,0.18997874664486172
10.019962203332296,14.160337930121313,0.7076075622473831,2.420061092161574,1.7124535299141908,0.24152397414800073,0.17090419057116676
10.292004170566262,13.293389231729469,0.7742197261478421,3.4290848927519906,2.6548651666041483,0.3331795086673895,0.2579541479585388
8.30834846486187,15.254563254808051,0.544646760846672,1.1960972581624192,0.6514504973157472,0.1439632994717326,0.07840914473807856
11.068547323982468,16.06812954431333,0.6888510136451904,2.2138944488145604,1.52504343516937,0.20001671258320106,0.13778171520891674
8.13232621602638,13.44746293026068,0.6047479928519672,1.530031427836551,0.9252834349845838,0.18814191501827818,0.11377844547862913
11.387280074302321,15.55793680109328,0.7319273898517263,2.730332611925142,1.9984052220734156,0.23977039241237988,0.1754945174821174
9.936319795851105,13.588878118256838,0.7312097223465068,2.720372659048087,1.9891629367015802,0.2737807070364195,0.20019111477593063
11.521102634709415,16.141907198024498,0.7137386241521329,2.49331095415208,1.7795723299999473,0.21641252866201607,0.15446198045651138
9.472111175268173,13.900373208009498,0.6814285511276973,2.139013252882067,1.45758470175437,0.2258222283609871,0.15388171388445543
9.677820883812164,13.866398587058146,0.6979332681843369,2.3105267633717843,1.6125934951874474,0.23874452638780924,0.16662774756296536
10.437268479198034,13.524592287466753,0.7717251845639929,3.380684737779725,2.608959553215732,0.3239051236937699,0.2499657413637975
11.294543894494158,16.399744031715176,0.6887024500292102,2.212360650104164,1.5236582000749541,0.19587870663663023,0.13490214516920015
8.337250228051877,14.398979349785353,0.5790167501126502,1.3753914206030484,0.7963746704903982,0.16496943032552222,0.09552006341501916
11.193127936987958,15.475866943866752,0.7232633866385051,2.6135442573105503,1.8902808706720453,0.2334954332715193,0.16887869783258413
10.493829551171629,13.115404301615676,0.8001148351849818,4.002872528961519,3.202757693776537,0.38145011880001434,0.3052038989349652
10.566005652217543,16.061634237003272,0.657841256767961,1.9226200404934215,1.2647787837254605,0.18196280636002796,0.11970264122090592
8.448738908606032,14.086970177322938,0.5997555757026253,1.4984732810594188,0.8987177053567935,0.17736058567664434,0.10637300016945063
8.643254665071591,16.988285300727625,0.5087773434498061,1.0357367207426809,0.5269593772928748,0.11983179495198895,0.06096770229649481
10.69863041392407,16.21495122281798,0.6598003451819675,1.939450366388186,1.2796500212062183,0.18128024722342284,0.11960876969268677
9.88452690140913,16.401655365249578,0.6026542249114452,1.5166997177134551,0.91404549280201,0.15344181191891296,0.09247235623100024
11.588831555072478,15.227056253264308,0.7610684141649582,3.1852984673629514,2.4242300531979932,0.27485932919343653,0.20918675378769294
11.869052195198694,14.742597555972331,0.8050855454838389,4.130455832443593,3.3253702869597537,0.34800216264230915,0.2801715109404391
11.657320868846664,13.476041701186407,0.8650404271025945,6.409626294239885,5.5445858671372905,0.5498369965408726,0.4756312303245242
11.374725148317024,13.534821161699375,0.8404045396997962,5.265842387490036,4.425437847790239,0.46294238487768263,0.3890588818706548
9.245619894029344,15.484874797286125,0.5970742427733242,1.481846796995471,0.8847725542221467,0.16027554820336287,0.09569640157860232
8.586223203204888,16.269917215732768,0.5277361334636748,1.1174603243186778,0.589724190855003,0.1301457343784838,0.0686826066476915
10.769986221281872,14.111605417869509,0.7632006353893549,3.222984304219902,2.459783668830547,0.2992561214099951,0.2283924620042622
10.221016008913077,16.516624034838635,0.6188320317368619,1.6235153088982888,1.004683277161427,0.15884089287038858,0.09829583245787979
10.274910957794068,15.418588703152437,0.666397629226162,1.9975806157502962,1.3311829865241342,0.1944134235280185,0.12955664452881327
9.121104570885587,13.034764646747346,0.6997521488170205,2.3305817046150046,1.630829555797984,0.25551529274800583,0.17879737515602712
8.640954381424152,16.926305781437797,0.5105044475150767,1.042919480929912,0.5324150334148353,0.12069494119444989,0.06161530427233731
9.97774139802818,15.945135648014263,0.6257545635411865,1.6720432704863515,1.046288706945165,0.1675773307591219,0.10486227946857136
10.984076974687198,14.244554375746171,0.7711070971366782,3.368855423171978,2.5977483260352994,0.3067035519630374,0.23650128563572612
9.124709637441828,13.122627810132373,0.6953416472268129,2.2823652819539886,1.5870236347271756,0.25013018196093134,0.17392593274585644
10.051398336363015,13.77101121894231,0.7298954431564989,2.7022700086448417,1.9723745654883427,0.2688451813583808,0.19622887278806464
11.83269218107241,14.45465461438256,0.8186077424014501,4.512914460842976,3.6943067184415255,0.3813937176580863,0.31221185017818204
9.40767687915472,14.89897626564515,0.6314310937488665,1.7131968623490594,1.081765768600193,0.1821062611264972,0.11498755564162082
9.61427089534763,14.062861458438976,0.6836639131915935,2.1611948231681337,1.4775309099765401,0.22479029836926492,0.15368101503063752
11.212334946302288,14.16085161372224,0.7917839443665406,3.8027036001507306,3.01091965578419,0.339153585614638,0.2685363637640133
8.326201415338819,15.39372902095376,0.5408826804736716,1.1780925211701894,0.6372098406965178,0.1414921958289246,0.0765306781460544
8.422802169863317,16.997089872933504,0.4955437803077073,0.9823325810314683,0.48678880072376096,0.11662776368489838,0.05779416290524848
10.163010062998865,14.934716837016918,0.6804956648263335,2.129847986120283,1.4493523212939494,0.20956861922970635,0.14261053686945574
10.90053625238563,16.24114004659242,0.671168170529549,2.0410681399376536,1.3698999694081047,0.18724474582532186,0.1256727134968517
9.28644045326265,14.96825024227903,0.6204092197117569,1.6344159340241293,1.0140067143123725,0.1760002599758126,0.10919218396066027
10.796232180723162,16.07550680767163,0.6715951359972634,2.045021891002403,1.3734267550051398,0.1894199621469628,0.12721352523868598
10.173947019599657,15.093576169358432,0.6740580830839714,2.0680312905493126,1.3939732074653413,0.20326735401367257,0.13701400300000716
9.66880039888403,16.94539789789329,0.5705856219573392,1.3287529508400706,0.7581673288827314,0.13742686745228858,0.07841379463891289
10.88330073077259,15.66537532376434,0.6947360344608307,2.2758534019361254,1.5811173674752947,0.20911426213750928,0.14527921322661583
11.94054557614698,15.727323563089639,0.7592229871947299,3.15322039404466,2.3939974068499303,0.26407674372464923,0.20049313421928536
8.639301711699485,16.74900106836258,0.5158099683937797,1.0653048074588927,0.549494839065113,0.12330913342408674,0.06360408021414254
8.936417618202782,16.37906423674432,0.5456000104178773,1.200704275806926,0.6551042653890486,0.13436080620954705,0.07330725726768327
10.338633372675282,14.562326138205108,0.7099575489901492,2.4477711676972302,1.7378136187070812,0.2367596450577908,0.16808929730500685
10.490408199482705,13.511051923356362,0.7764316397413946,3.472904836996088,2.6964731972546936,0.33105526219345227,0.2570417800698795
11.60046445571978,14.175059721514533,0.8183714695827984,4.505742945246515,3.687371475663717,0.38841056428778525,0.3178641242976788
10.611540235227427,14.676361443237035,0.7230361746178782,2.6105798243518574,1.8875436497339793,0.24601328049300916,0.17787650123286042
10.023946910582048,13.02260014525741,0.7697346765448053,3.3428162998871223,2.573081623342317,0.33348304113205035,0.25669346079895683
8.261284020713333,14.379365903306734,0.5745235274118407,1.3503062200291194,0.7757826926172787,0.1634499209376565,0.09390582513228889
8.990239784054868,14.271411199863792,0.6299474984044096,1.7023192538577776,1.072371755453368,0.18935192995375041,0.11928177459241206
11.625705305750003,15.077323561101782,0.7710722170706303,3.3681897723550955,2.5971175552844654,0.28971917692505156,0.22339440807947772
10.618971045090067,13.590432512719715,0.781356372223727,3.573652615310836,2.792296243087109,0.3365347358172899,0.26295356030546796
9.38984780523882,14.867520835524207,0.631567825538396,1.7142037783787922,1.0826359528403962,0.1825592718789752,0.1152985623724772
8.159041034694313,15.471562020566502,0.5273572909993457,1.1157630932557465,0.5884058022564008,0.13675174429338433,0.07211702940999438
11.094686065334896,16.910098634882743,0.6560982466683186,1.9078072161950699,1.2517089695267511,0.17195684537266645,0.11282058475162163
11.993686710119261,16.098812412744444,0.7450044389997733,2.9216368946873983,2.176632455687625,0.24359789990365244,0.18148151675924354
11.49220120494504,13.820762956799147,0.8315171341023133,4.935321640405039,4.103804506302726,0.429449637401179,0.35709473173310596
8.48451801127883,16.689886882789484,0.5083628229995985,1.0340203035523965,0.525657480552798,0.12187142536297635,0.061954901840507524
11.53144699396345,16.501211447130537,0.6988242669885125,2.3203206314164024,1.62149636442789,0.20121677987429137,0.14061516870144056
11.562509475855123,16.113484984601165,0.7175672728093782,2.5406661612734123,1.8230988884640342,0.2197331095450206,0.15767328816214476
10.893725026902287,16.626397162513832,0.6552065922894872,1.9002874696479002,1.245080877358413,0.17443872182886017,0.11429340049282125
10.88451500903313,15.172071087761351,0.7174046935367443,2.5386291885566914,1.8212244950199472,0.23323310101091932,0.16732252135336312
11.735945742922688,13.0378429476544,0.90014473943591,9.014494923461454,8.114350184025543,0.7681097988117069,0.6914099947095331
10.927714928532808,15.643669252849648,0.6985391184067777,2.317179976105009,1.6186408576982314,0.2120461588959222,0.14812253689670102
10.765524714335939,15.715648341459524,0.6850194456143027,2.1747991616507494,1.4897797160364465,0.20201515665601255,0.1383843106181882
9.573360153609661,13.527878688454091,0.7076763751422777,2.4208661735318615,1.7131897983895839,0.25287528461143993,0.1789538647768956
8.572955373531537,16.78892971952099,0.5106314408811603,1.043449627823673,0.5328181869425126,0.12171410935431419,0.062151051035160575
8.910436014672184,15.748936654099285,0.5657801672821441,1.3029809434102297,0.7372007761280857,0.14623088491569922,0.08273453452942026
10.72452821192584,16.961170921038452,0.6322988113175165,1.7195995846059606,1.087300773288444,0.16034267900882945,0.10138448534074897
8.97445508024191,14.559107901795983,0.6164151774117176,1.606985316187397,0.9905701387756795,0.1790621605232972,0.11037663344669371
8.037738004556491,16.295155326109253,0.4932593671984125,0.9733961227292117,0.4801367555307992,0.12110324100852825,0.05973530802554348
8.844017641231616,14.256493422067825,0.6203501365589548,1.6340059520534693,1.0136558154945146,0.18475833250666357,0.1146148568009135
9.235127824421898,16.210866136399737,0.5696875013781912,1.3238925274138407,0.7542050260356494,0.14335400143708502,0.08166698289125861
11.48968604134941,16.904010114605963,0.6797017964052039,2.1220905667803347,1.4423887703751308,0.1846952613973345,0.12553770095929698
10.712785754969719,16.2870530499651,0.6577485639731907,1.9218285001488433,1.2640799361756527,0.17939577474115886,0.11799731321885526
8.99953520013236,14.695659906364245,0.6123940848845403,1.5799399880213925,0.9675459031368522,0.17555795414836042,0.10751065267488726
11.197631312724962,13.841105705479203,0.8090127733286667,4.235952254131022,3.426939480802355,0.37829002722364113,0.30604146404677474
10.898161775642402,15.349132654019193,0.7100180851449415,2.4484909188210215,1.73847283367608,0.2246700837469164,0.1595198226513392
10.735758906239269,13.67322234724983,0.7851667027413338,3.654771922045063,2.8696052193037294,0.3404297687721946,0.26729411906185874
9.518771982621018,14.212247770886993,0.6697583757384035,2.028085881772018,1.3583275060336146,0.213061714838302,0.14269986806214005
8.701835480628537,13.57768923180537,0.6408922263624006,1.7846793453409602,1.1437871189785596,0.2050922876344764,0.13144205283181742
8.554709612222103,15.516211847003886,0.5513400884555454,1.228859709256455,0.6775196208009097,0.14364715635710004,0.07919843589231108
8.56414938573856,15.900566947864991,0.5386065423842318,1.167347593456264,0.6287410510720323,0.13630630911228478,0.07341546985612402
9.035726665942706,15.307783158705176,0.5902700980451439,1.4406322194912187,0.8503621214460748,0.15943733943626504,0.09411109398110105
8.0999949799091,14.828048810604123,0.5462616884641271,1.2039135214636583,0.6576518329995311,0.14863139106256196,0.08119163464060708
8.320688163707896,13.76769964648225,0.6043629929008434,1.5275694185740687,0.9232064256732253,0.1835869087411332,0.11095313362420527
9.368544782835444,14.695105662827217,0.6375282354406028,1.7588355777602447,1.1213073423196418,0.18773839678737414,0.11968852882830236
9.287723550526147,15.435308393099591,0.6017193381557738,1.5107922523015083,0.9090729141457344,0.16266550614718955,0.09787898069966086
10.527390132489177,13.467408289874083,0.7816938423411833,3.580722828546441,2.7990289862052578,0.34013395376084415,0.26588061722601264
11.555346787285671,16.670914355417185,0.6931441516002259,2.25885918490689,1.565715033306664,0.19548173036159408,0.13549701814483125
11.53269425616568,13.673046425005131,0.8434619394749369,5.388222753276613,4.544760813801677,0.4672128328032219,0.39407624210378495
11.791528118159237,16.089648858347605,0.7328642297896747,2.7434148156671987,2.010550585877524,0.23265982052337,0.1705080601708635
10.040989208924564,14.135414822938591,0.7103427338142424,2.452355997030983,1.7420132632167404,0.24423450180100745,0.17349020370108714
10.802881343096505,15.343703929283492,0.7040595538655554,2.3790582296605174,1.674998675794962,0.22022441551492514,0.1550511037377409
9.314281518702055,14.280491652986889,0.6522381543323049,1.8755310924923982,1.2232929381600934,0.20136079081639713,0.1313351905569802
11.978327535754907,13.578740777093731,0.8821383169757099,7.48452163875778,6.60238332178207,0.6248386192827615,0.5511940879955216
10.093361388967768,15.558008408313167,0.6487566482850431,1.8470289761143321,1.198272327829289,0.18299443613830862,0.11871885704390046
9.813646913109604,13.439430831475851,0.7302129856664412,2.7066276242770595,1.9764146386106183,0.275802425769099,0.20139451277490084
9.479489948192121,16.446481616602583,0.5763840661593332,1.3606288624075378,0.7842447962482045,0.1435339738576367,0.08273069548407207
10.989642717284289,16.102455237811448,0.6824824261258395,2.1494319756812046,1.466949549555365,0.19558706601995543,0.13348473533613395
11.208281956124683,13.466349455475948,0.8323177705422574,4.9636611657290075,4.13134339518675,0.44285655778106575,0.3685973828423551
9.627379448711078,16.050914195160985,0.5998025615022933,1.498766618181966,0.8989640566796728,0.15567752638882662,0.09337577909635907
10.581564596784128,15.563490883254216,0.6798966039276915,2.1239905988817087,1.4440939949540172,0.20072557129474183,0.13647263424474068
11.29506058478289,13.570098520599904,0.8323491953751534,4.964779007399977,4.1324298120248235,0.43955310997523156,0.3658616774125303
10.07357545824825,14.483232760888608,0.6955336301334284,2.2844349950315923,1.588901364898164,0.22677499210680907,0.1577296334835285
9.650437100156015,14.35774739156973,0.6721414464933649,2.0500958090140613,1.3779543625206965,0.21243553921313243,0.1427867306133128
11.234350627829368,13.956419075716965,0.8049593930133715,4.1271374481958905,3.322178055182519,0.36736769083673426,0.2957160734286615
8.911964816757049,15.916640195179749,0.5599149511123572,1.2722880555192595,0.7123731044069023,0.14276179065776753,0.0799344610368565
9.507268187264422,16.096514938667802,0.5906414042722762,1.4428459801174636,0.8522045758451874,0.1517624149963757,0.08963716590921128
8.016535187664683,13.836703992015977,0.5793673979215257,1.3773715947330145,0.7980041968114888,0.17181632244968167,0.09954477565811788
10.935448382052021,16.51863534073699,0.6620067672953504,1.958639118298073,1.2966323510027227,0.17910917320159642,0.11857148474413186
9.007675691893642,15.32738772323696,0.5876849894152302,1.4253300858043954,0.8376450963891652,0.15823505802802218,0.09299236840231655
11.723519769239742,15.011148337711056,0.7809875370952052,3.565950205467084,2.784962668371879,0.30417061391609124,0.2375534586190646
10.010627728780326,16.544974023787265,0.6050555119873691,1.5320014086840945,0.9269458966967254,0.15303749676752293,0.09259618095993892
10.581236006755008,14.106684087601858,0.7500866923116744,3.001387558149284,2.2513008658376097,0.2836518868148497,0.21276350554891607
10.480689013900944,14.35264029059519,0.730227247509895,2.7068235793630753,1.9765963318531803,0.25826771272126386,0.1885941209811248
11.427111834845897,13.84773603573176,0.8251971156411526,4.7207294013932355,3.8955322857520827,0.41311658357957237,0.3409026131933902
10.087993402982221,14.172668996994968,0.7117920700131485,2.4697171588776947,1.7579250888645461,0.24481748353915406,0.17425914338374437
9.911849079927963,14.440096800326241,0.6864115398245826,2.188892854796419,1.5024813149718366,0.2208359749170361,0.15158436159146566
10.363066513401803,14.860250758993338,0.6973682127894197,2.304345552121959,1.606977339332539,0.2223613588836775,0.15506774343813695
10.240165227133717,13.148944277106835,0.7787823122014829,3.5204341929059035,2.7416518807044206,0.34378685449114516,0.26773512144508876
11.094194490946943,15.261415998704905,0.7269439802891425,2.6622521673717827,1.93530818708264,0.2399680454082743,0.1744433260712966
8.924089833846386,16.489401603375036,0.5412015577338969,1.1796063540686565,0.6384047963347597,0.13218225903495107,0.071537244494501
8.737866015528429,16.897987677787082,0.5170950637521543,1.0708009484640284,0.5537058847118741,0.12254719247938375,0.06336854830777447
10.873907922725566,16.57144175011365,0.6561835769450169,1.908528892001416,1.2523453150563992,0.17551453493667615,0.11516975534058932
8.347651379504912,15.330160395966576,0.5445247253708585,1.1955088578940385,0.65098413252318,0.14321499587647402,0.07798410629862564
9.998271953045151,15.60820881884907,0.6405777926914238,1.7822432216645587,1.141665428973135,0.17825512548913464,0.11418627482176262
9.489621189700182,15.974646739493961,0.5940426317058446,1.4633128453907092,0.8692702136848646,0.1542013970988595,0.09160220374532448
9.650783015933447,15.69250076967297,0.6149933116195455,1.5973574750260537,0.9823641634065082,0.16551584181188364,0.10179113568138715
11.929557179299659,13.835856052956483,0.8622203883619126,6.257967910569745,5.395747522207833,0.5245767145010766,0.4523007385027344
11.501542513420931,16.19432257335949,0.7102206629094552,2.450901675876009,1.7406810129665538,0.21309330231280704,0.15134326643016674
9.74730115715916,14.593358999244668,0.6679271823343528,2.0113877041476664,1.3434605218133138,0.20635329428293595,0.13782897441581293
9.940808461795426,16.958009866694955,0.5862013608872164,1.4166343372807548,0.8304329763935384,0.14250695431112795,0.08353777055307558
8.995308722388149,14.434818473009368,0.6231674294489973,1.653698427760119,1.0305309983111217,0.18384009696568607,0.114563160655761
10.442504708412566,13.29401966037141,0.7855039314813848,3.6620901115174243,2.8765861800360395,0.35069077905870755,0.2754689856848844
8.157954956468998,15.010077159340751,0.5434985356749025,1.1905734770827592,0.6470749414078567,0.14594018763718133,0.07931827827692857
9.03612954455934,16.18823448555681,0.5581911698043046,1.263422393701499,0.7052312238971944,0.139818977524753,0.07804571862538365
8.045454166573471,16.12929995284382,0.49880987954191686,0.9952508223546173,0.4964409428127004,0.12370349786959148,0.061704526871244704
8.209955283123318,13.050719580287142,0.6290806596997376,1.6960039322578633,1.0669232725581257,0.20657894882134506,0.12995482140461007
8.700785533088977,15.632167569020059,0.5565949504233985,1.255274271131733,0.6986793207083346,0.14427137255112665,0.08030071745261
11.991999630330763,16.7636537152256,0.7153571550716906,2.5131745547718287,1.797817399700138,0.20957093330918575,0.14991806663777812
9.35549531579106,15.619714662249068,0.5989543034612625,1.4934814377279046,0.8945271342666421,0.15963681102026422,0.09561515495141956
11.793863675480463,13.265713940981792,0.8890485448390124,8.01295074092563,7.123902196086618,0.6794169376049868,0.6040346397166917
9.334154385593312,13.090823333177198,0.7130303532503538,2.4846890997932096,1.771658746542856,0.26619327227200923,0.18980388296097836
8.249898500931808,16.289078478910376,0.5064680922013501,1.0262114448899582,0.519743352688608,0.1243907964169559,0.0629999693487022
8.199312389783527,16.036058915867667,0.5113047060253885,1.0462648450466796,0.5349601390212911,0.12760397400522783,0.06524451241641432
11.781111334718847,13.284159620152744,0.8868540932650572,7.838145619731642,6.951291526466584,0.6653146207550629,0.5900369947257166
9.939933646177384,13.874523651923685,0.716416209705277,2.5262946410326195,1.8098784313273426,0.2541560870483437,0.18208154055669884
8.655786156718241,14.59986336251327,0.5928676140177386,1.4562035210914652,0.8633359070737266,0.16823469234637042,0.09974090064640093
8.822358111348084,13.716042858164268,0.6432145337090944,1.8028047509778564,1.159590217268762,0.20434499804070888,0.13143767263054038
8.856152425735628,16.914573140383354,0.5235811954717121,1.0989935546102565,0.5754123591385444,0.12409379398401328,0.06497317700477002
10.957885458960014,13.636752587382867,0.8035553471211745,4.090492336367322,3.286936989246147,0.37329212389445254,0.2999608821936073
10.496721013406251,14.889563487265574,0.7049717086994297,2.3895054457039016,1.6845337370044717,0.22764303658752688,0.1604819004766356
9.046181187110971,15.355042108375532,0.5891342481032116,1.4338850229872777,0.8447507748840661,0.15850721904954568,0.09338203131368514
10.178276596522409,15.931591799289516,0.638873800229825,1.769115064585211,1.1302412643553859,0.17381283047364432,0.11104446353339947
11.120701364468516,16.141662288081,0.6889439988271864,2.2148551908002867,1.5259111919731003,0.19916506326452726,0.13721357511213297
9.394398585264888,15.78367622294309,0.5951971171081948,1.4703381380494707,0.8751410209412759,0.15651221573201032,0.09315561959590839
11.485776224471074,13.440328514262438,0.8545755568610353,5.876423099275131,5.021847542414096,0.5116261177677387,0.43722317449601494
10.082963177684105,13.767659187920144,0.7323658321329584,2.736443698387537,2.004077866254579,0.27139280885641937,0.1987588202930325
10.534779441739321,15.109966271721305,0.6972073433052882,2.302589999757629,1.6053826564523406,0.21857030918318543,0.15238882459102412
10.069593199982158,14.233686619327562,0.7074480048133779,2.4181957958006373,1.7107477909872593,0.24014831063929395,0.16989244322107178
8.191020150750951,13.47363423975027,0.6079295314834648,1.5505619022612667,0.9426323707778018,0.18930021825414645,0.11508119299296089
9.79997892592037,16.026938120466653,0.6114691934453557,1.5737984816896533,0.9623292882442976,0.1605920271447777,0.09819707731197189
10.635818627595643,16.34017743065883,0.6508998248476676,1.8645072995556156,1.213607474707948,0.17530454070718862,0.1141056948413099
8.665142311807214,15.791537531662872,0.5487206229560069,1.215922222172618,0.6672015992166112,0.14032339901859311,0.07699834292478673
8.583104491531293,13.390808676197372,0.6409698397668887,1.7852813238607015,1.1443114840938127,0.20799948615587616,0.1333213973129271
11.90644148185806,16.51885217625178,0.7207789836012504,2.581392306702018,1.8606133231007678,0.21680636575044746,0.15626947194388846
8.286033724842078,16.463615242054924,0.5032936935792874,1.013262137149101,0.5099684435698136,0.12228554345745349,0.06154554283805224
9.953058576412582,16.1202824705704,0.6174245764355023,1.6138636681961662,0.9964390917606639,0.1621475103161562,0.10011385787702398
11.758148998171702,14.11286091504982,0.8331513411028464,4.99345542607211,4.160304084969264,0.4246804005331581,0.35382304524429464
8.074834260926103,13.901638658741094,0.5808548516579948,1.3858083624626405,0.8049535108046457,0.17162065717788516,0.09968669136650807
9.086602079591895,16.632761809078524,0.5463074734006128,1.2041359320935103,0.6578284586928975,0.1325177356228624,0.07239542932889634
11.985294667242124,16.823767046733806,0.7124025572839211,2.477082377909796,1.764679820625875,0.20667680242189532,0.1472370825766219
9.004758551658936,15.239877354100916,0.5908681771140262,1.4441999963388397,0.8533318192248135,0.16038186788170755,0.09476454191740712
10.116520112706157,15.491661645837848,0.6530300198897107,1.8820937179698825,1.229063698080172,0.1860416128275185,0.12149075812506825
8.846798746231157,13.668205489543915,0.6472538588184746,1.834899898976907,1.1876460401584323,0.20740834640989167,0.1342458525649613
10.282553611383895,14.605261894999364,0.7040307585928669,2.3787294762309688,1.6746987176381019,0.2313364526101239,0.16286797822128835
8.663670616034805,14.621483670334975,0.5925301981229325,1.4541695983195762,0.8616394001966436,0.16784682414266594,0.09945431196355886
10.91576889681267,16.477989340012428,0.6624454398879006,1.9624840490020556,1.300038609114155,0.17978431639159084,0.11909730055697289
9.558613329711825,13.081667114266441,0.7306877056432289,2.713161340771363,1.9824736351281342,0.2838446589671977,0.20740180261982646
11.43303556350288,13.367945933419023,0.8552574659148652,5.908819210059007,5.053561744144142,0.5168198049625107,0.44201399672685177
11.284714905842318,13.471276169258577,0.8376871473835577,5.160941563654705,4.323254416271148,0.45733911815377676,0.38310710127314906
10.985034243707492,14.275123942758304,0.7695228628316143,3.3388251532706428,2.5693022904390284,0.3039430810316506,0.2338911498533371
10.629985396818268,13.89546048222317,0.7649969866358506,3.2552645844181067,2.490267597782256,0.3062341539427196,0.23426820497115963
9.127670472101583,14.727122504499238,0.6197864157993536,1.6301006632952906,1.010314247495937,0.17858890373810474,0.1106869765493757
10.734107865277684,16.815191013831928,0.6383577716392258,1.7651638043840396,1.1268060327448137,0.16444438853590523,0.1049743534243555
11.542109545276189,14.662260121938445,0.7871985252809883,3.6992155544054603,2.9120170291244722,0.3204973527494746,0.25229504344084713
8.765686122855552,15.534109683980086,0.5642863544278544,1.2950853391035686,0.7307989846757142,0.1477448908108605,0.08337042582100186
10.31429598205609,15.518885527293532,0.6646286528704671,1.9817693388510107,1.3171406859805437,0.19213811027904568,0.1277004933998394
8.989076122806727,14.422612500320724,0.6232626802257103,1.6543693643069886,1.0311066840812781,0.184042202080099,0.1147066361430843
8.029690872154838,14.87470766879845,0.5398217599259523,1.173071025346807,0.6332492654208548,0.14609167949600071,0.07886346753606928
10.370300837490994,16.171887584460354,0.6412548184824057,1.787493885687092,1.1462390672046863,0.17236663754487194,0.11053093687125946
9.837702096664039,15.365087498345833,0.6402633306008274,1.7798111370469591,1.1395478064461317,0.18091736459985838,0.11583475442222955
11.365864994149966,13.411801078131031,0.8474525477926212,5.555337277220221,4.707884729427599,0.4887738223249673,0.4142126210236315
8.673324636592197,16.964264445728357,0.5112703037812029,1.0461208061159324,0.5348505023347295,0.12061358820842659,0.06166614588346316
10.210993043831312,16.285038773659444,0.6270168088483328,1.6810859677410157,1.054069158892683,0.1646349145988888,0.10322885877681305
9.917398472060516,15.979795057819675,0.620621130382236,1.6358874467825029,1.0152663164002669,0.1649512673501177,0.10237224200081246
9.651886055295995,14.417670575670174,0.669448369252073,2.0252460038915454,1.3557976346394724,0.20982904193945512,0.14046970994809305
8.260447763731014,15.290359854994817,0.540238937609609,1.1750428250726521,0.6348038874630432,0.14224928946732035,0.0768486050175469
10.01672266341938,14.084025085907657,0.7112116459833644,2.4627435147277272,1.7515318687443628,0.24586320271415277,0.17486077308907416
10.955434008454628,13.10221884852307,0.8361510470182357,5.103182118663254,4.267031071645018,0.46581286644828307,0.3894899159952975
8.060618849850053,14.50401630229494,0.5557508128679254,1.2509889246070842,0.6952381117391588,0.15519762786331914,0.0862512078402134
10.750101490069284,14.271117216712152,0.753276798643375,3.053125099307359,2.299848300663984,0.2840089558343027,0.21393735703691125
9.168046679084517,14.049835956905868,0.6525376315570559,1.8780095078532437,1.2254718762961878,0.2048429260441739,0.1336677178020824
11.414728545648035,13.010579989991177,0.8773420212188232,7.1527513329076715,6.275409311688849,0.6266247422620242,0.5497642179218886
11.103703845576613,14.89959735420905,0.7452351618374359,2.9251884491293305,2.1799532872918945,0.2634425854481556,0.19632667780132873
10.134980956463801,15.649553650181511,0.6476210876689286,1.8378542671147913,1.1902331794458627,0.18133771291821327,0.1174381268754892
10.41703044510341,15.300213868259302,0.6808421460509003,2.1332457830083142,1.4524036369574138,0.2047844435369832,0.13942588001555906
9.897776207673992,15.672108479869435,0.631553579429821,1.7140988327488105,1.0825452533189894,0.1731801969234086,0.10937257325333999
10.034155585583369,15.918833547653541,0.6303323390841296,1.7051324898760392,1.0748001507919096,0.16993283344399185,0.10711416039194518
8.452885217764392,14.223772838384798,0.5942786990349792,1.4647461141958007,0.8704674151608215,0.17328356844566203,0.1029787336200268
8.561247027825498,16.33451136147036,0.5241201795616404,1.1013708862015705,0.5772507066399302,0.12864608188759524,0.06742600753882792
10.710000314704457,14.651960149893878,0.730960240482365,2.7169227395717024,1.9859624990893374,0.2536809206103815,0.1854306667351522
8.774653486727273,14.222551917887518,0.6169535212377397,1.6106492434842483,0.9936957222465086,0.1835570197638631,0.11324614969122072
11.674172649259607,15.505847531452021,0.7528883942383507,3.046754489404868,2.2938660951665173,0.2609824765267711,0.19649067767658873
8.340103721714321,14.304032300059383,0.5830596258986145,1.398424480131623,0.8153648542330085,0.16767471086608676,0.09776435419023889
10.2184662340341,16.378455561846362,0.6238968134356961,1.658844795054737,1.0349479816190408,0.16233794358782644,0.10128212570414871
10.220719892248345,15.302247970973891,0.66792277263024,2.01134771547139,1.3434249428411498,0.19679119833788297,0.13144132282306625
10.80689208183179,15.838494072147927,0.6823181568022787,2.147803443640977,1.4654852868386983,0.19874385969411104,0.13560654402225653
11.899273592909418,14.746914843453503,0.8068991866588137,4.178642092165185,3.371742905506371,0.3511678305014492,0.28335703681235946
